ID; Nome; Apelido; RB; FC; GC; CA; CV; SG; DD; DP; GS; FS; PE; A; FT; FD; FF; G; I; PP
99789;Brenner Souza da Silva;Brenner;0.0;1.0;0.0;0.0;0.0;0.0;0.0;0.0;0.0;0.0;1.0;0.0;0.0;0.0;1.0;0.0;2.0;0.0
99424;Éder Gabriel Militão;Éder Militão;5.0;1.0;0.0;1.0;0.0;2.0;0.0;0.0;0.0;2.0;6.0;0.0;0.0;0.0;1.0;0.0;0.0;0.0
101421;Igor Henrique Pereira de Campos;Igor Campos;0.0;0.0;0.0;0.0;0.0;0.0;0.0;0.0;0.0;0.0;0.0;0.0;0.0;0.0;0.0;0.0;0.0;0.0
100084;Igor Silveira Gomes;Igor Gomes;0.0;0.0;0.0;0.0;0.0;0.0;0.0;0.0;0.0;0.0;0.0;0.0;0.0;0.0;0.0;0.0;0.0;0.0
97520;Shaylon Kallyson Cardoso;Shaylon;0.0;0.0;0.0;0.0;0.0;0.0;0.0;0.0;0.0;0.0;0.0;0.0;0.0;0.0;0.0;0.0;0.0;0.0
100761;Igor Matheus Liziero Pereira ;Liziero;2.0;0.0;0.0;0.0;0.0;1.0;0.0;0.0;0.0;0.0;2.0;0.0;0.0;0.0;1.0;0.0;0.0;0.0
95660;Felipe Araruna Hoffman;Araruna;0.0;0.0;0.0;0.0;0.0;0.0;0.0;0.0;0.0;0.0;0.0;0.0;0.0;0.0;0.0;0.0;0.0;0.0
95831;Caique da Silva Maria;Caíque;0.0;0.0;0.0;0.0;0.0;0.0;0.0;0.0;0.0;0.0;0.0;0.0;0.0;0.0;0.0;0.0;0.0;0.0
83004;Rómulo Otero Vásquez;Otero;3.0;2.0;0.0;0.0;0.0;0.0;0.0;0.0;0.0;9.0;0.0;0.0;2.0;3.0;4.0;1.0;2.0;0.0
38909;Diego Ribas da Cunha;Diego;1.0;3.0;0.0;1.0;0.0;0.0;0.0;0.0;0.0;8.0;5.0;0.0;0.0;0.0;1.0;0.0;1.0;0.0
100762;Guilherme Bissoli Campos ;Bissoli;0.0;0.0;0.0;0.0;0.0;0.0;0.0;0.0;0.0;0.0;0.0;0.0;0.0;0.0;0.0;0.0;0.0;0.0
100333;Paulo Henrique Pereira da Silva;Paulinho;0.0;0.0;0.0;0.0;0.0;0.0;0.0;0.0;0.0;0.0;0.0;0.0;0.0;0.0;0.0;0.0;0.0;0.0
80129;Jadson Alves dos Santos;Jadson;9.0;2.0;0.0;0.0;0.0;0.0;0.0;0.0;0.0;3.0;10.0;0.0;0.0;0.0;1.0;0.0;0.0;0.0
101422;Bruno da Silva Santos;Bruno Silva;0.0;0.0;0.0;0.0;0.0;0.0;0.0;0.0;0.0;0.0;0.0;0.0;0.0;0.0;0.0;0.0;0.0;0.0
61033;Rodrigo Eduardo Costa Marinho;Rodriguinho;2.0;1.0;0.0;0.0;0.0;0.0;0.0;0.0;0.0;5.0;8.0;1.0;0.0;0.0;1.0;3.0;0.0;0.0
89273;João Pedro Maturano dos Santos;João Pedro ;0.0;0.0;0.0;0.0;0.0;0.0;0.0;0.0;0.0;0.0;0.0;0.0;0.0;0.0;0.0;0.0;0.0;0.0
38350;Fernando Leal Fonseca;Fernando Leal;0.0;0.0;0.0;0.0;0.0;0.0;0.0;0.0;0.0;0.0;0.0;0.0;0.0;0.0;0.0;0.0;0.0;0.0
84555;Glauco Tadeu Chaves;Glauco;0.0;0.0;0.0;0.0;0.0;0.0;0.0;0.0;0.0;0.0;0.0;0.0;0.0;0.0;0.0;0.0;0.0;0.0
38506;Willian Lanes de Lima;Lima;0.0;0.0;0.0;0.0;0.0;0.0;0.0;0.0;0.0;0.0;0.0;0.0;0.0;0.0;0.0;0.0;0.0;0.0
101797;Natanael de Sousa Santos Júnior;Júnior Santos;0.0;0.0;0.0;0.0;0.0;0.0;0.0;0.0;0.0;0.0;0.0;0.0;0.0;0.0;0.0;0.0;0.0;0.0
37655;Rafael Martiniano de Miranda Moura;Rafael Moura;1.0;2.0;0.0;0.0;0.0;0.0;0.0;0.0;0.0;1.0;5.0;1.0;0.0;1.0;2.0;0.0;1.0;0.0
74271;Edigar Junio Teixeira Lima ;Edigar Junio;2.0;5.0;0.0;0.0;0.0;0.0;0.0;0.0;0.0;2.0;5.0;0.0;1.0;0.0;0.0;0.0;1.0;0.0
99921;Khevin Rodrigo Fraga;Khevin;0.0;0.0;0.0;0.0;0.0;0.0;0.0;0.0;0.0;0.0;0.0;0.0;0.0;0.0;0.0;0.0;0.0;0.0
85626;Leonardo Pinheiro da Conceição;Léo;4.0;2.0;0.0;0.0;0.0;1.0;0.0;0.0;0.0;2.0;3.0;0.0;0.0;0.0;1.0;0.0;1.0;0.0
38315;Jadson Rodrigues da Silva;Jadson;0.0;0.0;0.0;0.0;0.0;0.0;0.0;0.0;0.0;1.0;2.0;0.0;0.0;0.0;0.0;0.0;0.0;0.0
38632;Matheus Ferraz Pereira;Matheus Ferraz;0.0;0.0;0.0;0.0;0.0;0.0;0.0;0.0;0.0;0.0;0.0;0.0;0.0;0.0;0.0;0.0;0.0;0.0
42500;Fagner Conserva Lemos;Fagner;5.0;3.0;0.0;0.0;0.0;1.0;0.0;0.0;0.0;1.0;10.0;1.0;0.0;0.0;0.0;0.0;0.0;0.0
42234;Cássio Ramos;Cássio;0.0;0.0;0.0;0.0;0.0;1.0;3.0;0.0;1.0;0.0;1.0;0.0;0.0;0.0;0.0;0.0;0.0;0.0
38695;David França Oliveira e Silva;David;0.0;0.0;0.0;0.0;0.0;0.0;0.0;0.0;0.0;0.0;0.0;0.0;0.0;0.0;0.0;0.0;0.0;0.0
50401;Gerson Alencar de Lima Junior;Gerson Magrão;1.0;0.0;0.0;0.0;0.0;0.0;0.0;0.0;0.0;0.0;1.0;0.0;0.0;0.0;0.0;0.0;0.0;0.0
38067;Danilo Gabriel de Andrade;Danilo;0.0;0.0;0.0;0.0;0.0;0.0;0.0;0.0;0.0;0.0;0.0;0.0;0.0;0.0;0.0;0.0;0.0;0.0
50856;Henrique Adriano Buss;Henrique;1.0;1.0;0.0;0.0;0.0;1.0;0.0;0.0;0.0;1.0;1.0;0.0;0.0;0.0;1.0;0.0;0.0;0.0
50361;Rafael Ramos de Lima;Rafael Lima;1.0;0.0;0.0;1.0;0.0;1.0;0.0;0.0;0.0;0.0;4.0;0.0;0.0;0.0;1.0;0.0;0.0;0.0
50439;Vilson Xavier de Meneses Junior;Vilson;0.0;0.0;0.0;0.0;0.0;0.0;0.0;0.0;0.0;0.0;0.0;0.0;0.0;0.0;0.0;0.0;0.0;0.0
93369;Rodrigo Nascimento França ;Rodrigo Becão;0.0;0.0;0.0;0.0;0.0;0.0;0.0;0.0;0.0;0.0;0.0;0.0;0.0;0.0;0.0;0.0;0.0;0.0
91929;Everson Bispo Pereira;Everson;0.0;0.0;0.0;0.0;0.0;0.0;0.0;0.0;0.0;0.0;0.0;0.0;0.0;0.0;0.0;0.0;0.0;0.0
50421;Wesley Lopes Beltrame;Wesley;0.0;1.0;0.0;0.0;0.0;0.0;0.0;0.0;0.0;0.0;0.0;0.0;0.0;0.0;0.0;0.0;0.0;0.0
94966;Deijair dos Santos Nunes;Deijair ;0.0;0.0;0.0;0.0;0.0;0.0;0.0;0.0;0.0;0.0;0.0;0.0;0.0;0.0;0.0;0.0;0.0;0.0
94971;Luís Fernando Santos da Conceição;Luís Fernando;0.0;0.0;0.0;0.0;0.0;0.0;0.0;0.0;0.0;0.0;0.0;0.0;0.0;0.0;0.0;0.0;0.0;0.0
60822;Renan Henrique Oliveira Vieira;Renan Oliveira;0.0;0.0;0.0;0.0;0.0;0.0;0.0;0.0;0.0;0.0;0.0;0.0;0.0;0.0;0.0;0.0;0.0;0.0
62137;Enderson Alves Moreira;Enderson Moreira;0.0;0.0;0.0;0.0;0.0;0.0;0.0;0.0;0.0;0.0;0.0;0.0;0.0;0.0;0.0;0.0;0.0;0.0
94975;Marco Antônio Rosa Furtado Júnior;Marco Antônio;2.0;1.0;0.0;1.0;0.0;0.0;0.0;0.0;0.0;4.0;4.0;0.0;0.0;0.0;1.0;0.0;0.0;0.0
94980;Geovane Santana Souza;Geovane Itinga;0.0;0.0;0.0;0.0;0.0;0.0;0.0;0.0;0.0;0.0;0.0;0.0;0.0;0.0;0.0;0.0;0.0;0.0
94981;Felipe Matheus Filgueira de Araújo;Felipinho;0.0;0.0;0.0;0.0;0.0;0.0;0.0;0.0;0.0;0.0;0.0;0.0;0.0;0.0;0.0;0.0;0.0;0.0
60834;Luan Michel de Louzã;Luan;5.0;3.0;0.0;1.0;0.0;0.0;0.0;0.0;0.0;2.0;4.0;1.0;0.0;1.0;2.0;0.0;1.0;0.0
63194;Carlos Emiliano Pereira;Carlinhos;1.0;3.0;0.0;0.0;0.0;1.0;0.0;0.0;0.0;2.0;3.0;0.0;0.0;2.0;1.0;1.0;1.0;0.0
72097;Giovanni Palmieri dos Santos;Giovanni;0.0;0.0;0.0;0.0;0.0;0.0;0.0;0.0;0.0;0.0;0.0;0.0;0.0;0.0;0.0;0.0;0.0;0.0
80374;Norberto Pereira Marinho Neto;Norberto ;7.0;1.0;0.0;0.0;0.0;1.0;0.0;0.0;0.0;1.0;4.0;0.0;0.0;0.0;0.0;0.0;0.0;0.0
88423;Aderlan de Lima Silva;Aderlan;0.0;0.0;0.0;0.0;0.0;0.0;0.0;0.0;0.0;0.0;0.0;0.0;0.0;0.0;0.0;0.0;0.0;0.0
95849;Felipe Gustavo Domingos;Felipe;0.0;0.0;0.0;0.0;0.0;0.0;0.0;0.0;0.0;0.0;0.0;0.0;0.0;0.0;0.0;0.0;0.0;0.0
96411;Cassiano Silva dos Santos;Cassiano;0.0;0.0;0.0;0.0;0.0;0.0;0.0;0.0;0.0;0.0;0.0;0.0;0.0;0.0;0.0;0.0;0.0;0.0
95464;Gregore de Magalhães da Silva;Gregore;9.0;7.0;0.0;0.0;0.0;0.0;0.0;0.0;0.0;1.0;2.0;0.0;0.0;0.0;1.0;0.0;0.0;0.0
81881;João Ricardo Riedi;João Ricardo;0.0;0.0;0.0;0.0;0.0;0.0;0.0;0.0;0.0;0.0;0.0;0.0;0.0;0.0;0.0;0.0;0.0;0.0
82939;Ruy Franco de Almeida Junior;Ruy;0.0;0.0;0.0;0.0;0.0;0.0;0.0;0.0;0.0;0.0;0.0;0.0;0.0;0.0;0.0;0.0;0.0;0.0
99894;José Francisco dos Santos Júnior;Júnior Brumado;0.0;3.0;0.0;0.0;0.0;0.0;0.0;0.0;0.0;2.0;0.0;0.0;0.0;0.0;0.0;1.0;0.0;0.0
51413;Walter Leandro Capeloza Artune;Walter;0.0;0.0;0.0;0.0;0.0;0.0;0.0;0.0;0.0;0.0;0.0;0.0;0.0;0.0;0.0;0.0;0.0;0.0
101757;João Pedro Ribeiro;João Pedro Ribeiro;0.0;0.0;0.0;0.0;0.0;0.0;0.0;0.0;0.0;0.0;0.0;0.0;0.0;0.0;0.0;0.0;0.0;0.0
82381;Adilson dos Anjos Oliveira;Juninho;6.0;3.0;0.0;0.0;0.0;0.0;0.0;0.0;0.0;4.0;3.0;0.0;0.0;0.0;1.0;0.0;0.0;0.0
38928;Alexandro Silva de Souza;Dudu Cearense;0.0;0.0;0.0;0.0;0.0;0.0;0.0;0.0;0.0;0.0;0.0;0.0;0.0;0.0;0.0;0.0;0.0;0.0
52190;Ralf de Souza Telles;Ralf;2.0;1.0;0.0;0.0;0.0;0.0;0.0;0.0;0.0;1.0;0.0;0.0;0.0;0.0;0.0;0.0;0.0;0.0
52674;Gilson Gomes do Nascimento;Gilson;6.0;3.0;0.0;0.0;0.0;0.0;0.0;0.0;0.0;6.0;11.0;0.0;0.0;0.0;0.0;0.0;0.0;0.0
38109;Jefferson de Oliveira Galvão;Jefferson;0.0;0.0;0.0;0.0;0.0;0.0;0.0;0.0;0.0;0.0;0.0;0.0;0.0;0.0;0.0;0.0;0.0;0.0
55348;Luis Ricardo Silva Umbelino;Luis Ricardo;0.0;0.0;0.0;0.0;0.0;0.0;0.0;0.0;0.0;0.0;0.0;0.0;0.0;0.0;0.0;0.0;0.0;0.0
61149;Lucca Borges Brito;Lucca;0.0;0.0;0.0;0.0;0.0;0.0;0.0;0.0;0.0;0.0;0.0;0.0;0.0;0.0;0.0;0.0;0.0;0.0
68744;Márcio Passos de Albuquerque;Emerson Sheik;0.0;0.0;0.0;0.0;0.0;0.0;0.0;0.0;0.0;3.0;0.0;1.0;0.0;0.0;0.0;0.0;0.0;0.0
68901;Rodrigo Pimpão Viana;Rodrigo Pimpão;1.0;2.0;0.0;1.0;0.0;0.0;0.0;0.0;0.0;1.0;6.0;0.0;0.0;0.0;1.0;0.0;0.0;0.0
85930;Aylon Darwin Tavella;Aylon;2.0;4.0;0.0;0.0;0.0;0.0;0.0;0.0;0.0;4.0;1.0;0.0;1.0;0.0;4.0;0.0;0.0;0.0
68930;Welker Marçal de Almeida;Kieza;1.0;2.0;0.0;0.0;0.0;0.0;0.0;0.0;0.0;0.0;1.0;0.0;0.0;1.0;0.0;0.0;0.0;0.0
68784;Sérgio Dutra Júnior;Júnior Dutra;0.0;0.0;0.0;0.0;0.0;0.0;0.0;0.0;0.0;0.0;0.0;0.0;0.0;0.0;0.0;0.0;0.0;0.0
87402;Messias Rodrigues da Silva Júnior;Messias;4.0;4.0;0.0;0.0;0.0;1.0;0.0;0.0;0.0;1.0;4.0;0.0;0.0;0.0;0.0;0.0;0.0;0.0
91194;Thiago Rodrigues da Silva;Thiago;0.0;0.0;0.0;0.0;0.0;0.0;0.0;0.0;0.0;0.0;0.0;0.0;0.0;0.0;0.0;0.0;0.0;0.0
72168;João Paulo Mior;João Paulo;0.0;0.0;0.0;0.0;0.0;0.0;0.0;0.0;0.0;0.0;0.0;0.0;0.0;0.0;0.0;0.0;0.0;0.0
88002;Sergio Antonio Soler de Oliveira Junior;Serginho;3.0;2.0;0.0;0.0;0.0;0.0;0.0;0.0;0.0;3.0;6.0;0.0;0.0;1.0;2.0;2.0;1.0;0.0
73721;Marcos Vinícius de Jesus Araújo;Marcos Vinícius;0.0;0.0;0.0;0.0;0.0;0.0;0.0;0.0;0.0;1.0;1.0;0.0;0.0;0.0;0.0;0.0;0.0;0.0
91263;Hugo Gomes dos Santos Silva;Jajá;0.0;0.0;0.0;0.0;0.0;0.0;0.0;0.0;0.0;0.0;0.0;0.0;0.0;0.0;0.0;0.0;0.0;0.0
89285;Matheus de Sales Cabral;Matheus Sales;0.0;0.0;0.0;0.0;0.0;0.0;0.0;0.0;0.0;0.0;0.0;0.0;0.0;0.0;0.0;0.0;0.0;0.0
74061;Roberto Junior Fernández Torres;Gatito Fernández;0.0;0.0;0.0;0.0;0.0;0.0;7.0;0.0;2.0;0.0;3.0;0.0;0.0;0.0;0.0;0.0;0.0;0.0
80080;Brenner Marlos Varanda de Oliveira;Brenner;1.0;2.0;0.0;0.0;0.0;0.0;0.0;0.0;0.0;5.0;2.0;0.0;0.0;0.0;1.0;0.0;0.0;0.0
91928;Christian Sávio Machado;Christian;7.0;2.0;0.0;0.0;0.0;0.0;0.0;0.0;0.0;6.0;3.0;0.0;0.0;1.0;2.0;0.0;0.0;0.0
60788;Marcos Antônio da Silva Gonçalves;Marquinhos;1.0;0.0;0.0;0.0;0.0;0.0;0.0;0.0;0.0;1.0;4.0;0.0;0.0;0.0;0.0;0.0;0.0;0.0
77500;Yago Fernando da Silva;Yago;0.0;0.0;0.0;0.0;0.0;0.0;0.0;0.0;0.0;0.0;0.0;0.0;0.0;0.0;0.0;0.0;0.0;0.0
92692;Michel Araújo Silvestre;Michel;0.0;0.0;0.0;0.0;0.0;0.0;0.0;0.0;0.0;0.0;0.0;0.0;0.0;0.0;0.0;0.0;0.0;0.0
78497;Arnaldo Manoel de Almeida;Arnaldo;3.0;2.0;0.0;0.0;0.0;1.0;0.0;0.0;0.0;1.0;1.0;0.0;0.0;0.0;0.0;0.0;0.0;0.0
68954;Marcos Gabriel do Nascimento;Marquinhos Gabriel;0.0;0.0;0.0;0.0;0.0;0.0;0.0;0.0;0.0;0.0;0.0;0.0;0.0;0.0;0.0;0.0;0.0;0.0
94894;João Victor da Vitória Fernandes;Capixaba;0.0;1.0;0.0;0.0;0.0;0.0;0.0;0.0;0.0;0.0;0.0;0.0;0.0;0.0;0.0;0.0;0.0;0.0
97317;José Ricardo Barbosa Ribeiro Drumond;Zé Ricardo;1.0;1.0;0.0;0.0;0.0;0.0;0.0;0.0;0.0;0.0;2.0;0.0;0.0;0.0;0.0;0.0;0.0;0.0
93886;Matheus Leonardo Sales Cardoso;Matheusinho;0.0;0.0;0.0;0.0;0.0;0.0;0.0;0.0;0.0;0.0;0.0;0.0;0.0;0.0;0.0;0.0;0.0;0.0
80395;Renato Vieira Rodrigues;Renatinho;0.0;0.0;0.0;0.0;0.0;0.0;0.0;0.0;0.0;0.0;0.0;0.0;0.0;0.0;0.0;0.0;0.0;0.0
97930;Erick Martins Ferreira Carvalho;Erick;0.0;0.0;0.0;0.0;0.0;0.0;0.0;0.0;0.0;0.0;0.0;0.0;0.0;0.0;0.0;0.0;0.0;0.0
69047;Paulo Roberto da Silva;Paulo Roberto;0.0;0.0;0.0;0.0;0.0;0.0;0.0;0.0;0.0;0.0;0.0;0.0;0.0;0.0;0.0;0.0;0.0;0.0
70666;Marllon Gonçalves Jerônimo Borges;Marllon;0.0;0.0;0.0;0.0;0.0;0.0;0.0;0.0;0.0;0.0;0.0;0.0;0.0;0.0;0.0;0.0;0.0;0.0
97453;Joriwinnyson Santos dos Anjos Rodrigues;Jori;0.0;1.0;0.0;0.0;0.0;1.0;4.0;0.0;2.0;1.0;1.0;0.0;0.0;0.0;0.0;0.0;0.0;0.0
84863;Alberto Valentim do Carmo Neto;Alberto Valentim;0.0;0.0;0.0;0.0;0.0;0.0;0.0;0.0;0.0;0.0;0.0;0.0;0.0;0.0;0.0;0.0;0.0;0.0
88125;Yuri Antonio Costa da Silva;Yuri;0.0;0.0;0.0;0.0;0.0;0.0;0.0;0.0;0.0;0.0;0.0;0.0;0.0;0.0;0.0;0.0;0.0;0.0
85400;Marcelo Machado dos Santos ;Marcelo;0.0;0.0;0.0;0.0;0.0;0.0;0.0;0.0;0.0;0.0;0.0;0.0;0.0;0.0;0.0;0.0;0.0;0.0
101725;Matheus Santos Soares;Matheus Santos;0.0;0.0;0.0;0.0;0.0;0.0;0.0;0.0;0.0;0.0;0.0;0.0;0.0;0.0;0.0;0.0;0.0;0.0
73281;Renê dos Santos Júnior;Renê Júnior;4.0;6.0;0.0;0.0;0.0;0.0;0.0;0.0;0.0;4.0;2.0;0.0;0.0;0.0;1.0;0.0;0.0;0.0
70696;Fábio Luiz Carille de Araújo;Fábio Carille;0.0;0.0;0.0;0.0;0.0;0.0;0.0;0.0;0.0;0.0;0.0;0.0;0.0;0.0;0.0;0.0;0.0;0.0
88669;Leandro Carvalho da Silva;Leandro Carvalho;2.0;0.0;0.0;0.0;0.0;0.0;0.0;0.0;0.0;4.0;1.0;0.0;0.0;0.0;1.0;0.0;0.0;0.0
89492;Saulo Ferreira Silva Nascimento;Saulo;0.0;0.0;0.0;0.0;0.0;0.0;0.0;0.0;0.0;0.0;0.0;0.0;0.0;0.0;0.0;0.0;0.0;0.0
37718;Marcos Arouca da Silva;Arouca;0.0;0.0;0.0;0.0;0.0;0.0;0.0;0.0;0.0;0.0;0.0;0.0;0.0;0.0;0.0;0.0;0.0;0.0
102336;Ronaldo dos Santos Ramos Filho;Ronaldo;0.0;0.0;0.0;0.0;0.0;0.0;0.0;0.0;0.0;0.0;0.0;0.0;0.0;0.0;0.0;0.0;0.0;0.0
89493;Igor Rabello da Costa;Igor Rabello;2.0;2.0;0.0;1.0;0.0;0.0;0.0;0.0;0.0;1.0;4.0;0.0;0.0;0.0;1.0;1.0;0.0;0.0
90444;Moisés Roberto Barbosa;Moisés;0.0;0.0;0.0;0.0;0.0;0.0;0.0;0.0;0.0;0.0;0.0;0.0;0.0;0.0;0.0;0.0;0.0;0.0
89885;Leandro Alves de Carvalho;Leandrinho;0.0;0.0;0.0;0.0;0.0;0.0;0.0;0.0;0.0;0.0;0.0;0.0;0.0;0.0;0.0;0.0;0.0;0.0
37934;Roger de Oliveira Bernardo;Roger Bernardo;0.0;0.0;0.0;0.0;0.0;0.0;0.0;0.0;0.0;0.0;0.0;0.0;0.0;0.0;0.0;0.0;0.0;0.0
90715;Luiz Fernando Moraes dos Santos;Luiz Fernando ;0.0;0.0;0.0;0.0;0.0;0.0;0.0;0.0;0.0;0.0;0.0;0.0;0.0;0.0;0.0;0.0;0.0;0.0
84851;Lucas Cândido Silva;Lucas Cândido;0.0;0.0;0.0;0.0;0.0;0.0;0.0;0.0;0.0;0.0;0.0;0.0;0.0;0.0;0.0;0.0;0.0;0.0
38229;Fábio Santos Romeu;Fábio Santos;3.0;3.0;0.0;1.0;0.0;0.0;0.0;0.0;0.0;3.0;6.0;0.0;0.0;0.0;0.0;0.0;1.0;0.0
92981;Ronaldo da Silva Souza;Ronaldo;0.0;0.0;0.0;0.0;0.0;0.0;0.0;0.0;0.0;0.0;0.0;0.0;0.0;0.0;0.0;0.0;0.0;0.0
91508;Leonardo Felipe Valencia Rossel;Leonardo Valencia;2.0;1.0;0.0;0.0;0.0;0.0;0.0;0.0;0.0;3.0;5.0;0.0;0.0;2.0;3.0;0.0;0.0;0.0
50307;Adilson Warken;Adilson;2.0;2.0;0.0;0.0;0.0;0.0;0.0;0.0;0.0;3.0;4.0;0.0;0.0;0.0;0.0;0.0;0.0;0.0
38910;Ricardo de Oliveira;Ricardo Oliveira;2.0;4.0;0.0;1.0;0.0;0.0;0.0;0.0;0.0;3.0;4.0;1.0;0.0;0.0;3.0;1.0;3.0;0.0
93414;Mauro Joel Carli;Joel Carli;2.0;3.0;0.0;0.0;0.0;0.0;0.0;0.0;0.0;1.0;5.0;0.0;0.0;0.0;1.0;0.0;0.0;0.0
52950;Victor Leandro Bagy;Victor;0.0;0.0;0.0;0.0;0.0;0.0;4.0;0.0;3.0;0.0;3.0;0.0;0.0;0.0;0.0;0.0;0.0;0.0
93797;Márcio Almeida de Oliveira;Marcinho;3.0;1.0;0.0;1.0;0.0;0.0;0.0;0.0;0.0;3.0;9.0;0.0;0.0;0.0;0.0;0.0;0.0;0.0
95638;Marcelo da Conceição Benevenuto Malaquias;Marcelo Benevenuto;0.0;0.0;0.0;0.0;0.0;0.0;0.0;0.0;0.0;0.0;0.0;0.0;0.0;0.0;0.0;0.0;0.0;0.0
78605;Gabriel Girotto Franco;Gabriel;3.0;4.0;0.0;0.0;0.0;0.0;0.0;0.0;0.0;0.0;0.0;0.0;0.0;0.0;0.0;1.0;0.0;0.0
98484;Victor Hugo Soares dos Santos;Kanu;0.0;0.0;0.0;0.0;0.0;0.0;0.0;0.0;0.0;0.0;0.0;0.0;0.0;0.0;0.0;0.0;0.0;0.0
60969;Patric Cabral Lalau;Patric;2.0;5.0;0.0;0.0;0.0;0.0;0.0;0.0;0.0;1.0;9.0;0.0;0.0;0.0;0.0;0.0;0.0;0.0
99903;Lucas da Silva Ribeiro Campos;Lucas Campos;0.0;0.0;0.0;0.0;0.0;0.0;0.0;0.0;0.0;0.0;0.0;0.0;0.0;0.0;0.0;0.0;0.0;0.0
94067;Matheus Fernandes Siqueira;Matheus Fernandes;9.0;2.0;0.0;0.0;0.0;0.0;0.0;0.0;0.0;0.0;3.0;1.0;0.0;1.0;0.0;0.0;0.0;0.0
95798;Gustavo Costa da Silva Machado;Gustavo Bochecha;6.0;3.0;0.0;1.0;0.0;0.0;0.0;0.0;0.0;3.0;6.0;0.0;0.0;0.0;1.0;0.0;0.0;0.0
80286;Matheus Caldeira Vidotto de Oliveira;Matheus Vidotto;0.0;0.0;0.0;0.0;0.0;0.0;0.0;0.0;0.0;0.0;0.0;0.0;0.0;0.0;0.0;0.0;0.0;0.0
97352;Luiz Henrique Pachu Lira;Pachu;1.0;1.0;0.0;0.0;0.0;0.0;0.0;0.0;0.0;1.0;0.0;0.0;0.0;1.0;0.0;0.0;0.0;0.0
99915;Ezequiel Santos da Silva;Ezequiel;1.0;0.0;0.0;0.0;0.0;0.0;0.0;0.0;0.0;2.0;1.0;0.0;0.0;0.0;0.0;0.0;0.0;0.0
78577;Ricardo Dias Acosta;Ricardinho;0.0;0.0;0.0;0.0;0.0;0.0;0.0;0.0;0.0;0.0;0.0;0.0;0.0;0.0;0.0;0.0;0.0;0.0
54395;Elias Mendes Trindade;Elias;1.0;0.0;0.0;0.0;0.0;0.0;0.0;0.0;0.0;1.0;4.0;0.0;0.0;0.0;0.0;0.0;0.0;0.0
63219;Luan Madson Gedeão De Paiva;Luan;12.0;3.0;0.0;0.0;0.0;0.0;0.0;0.0;0.0;0.0;5.0;0.0;0.0;1.0;0.0;0.0;1.0;0.0
73384;Samuel Xavier Brito;Samuel Xavier;0.0;0.0;0.0;0.0;0.0;0.0;0.0;0.0;0.0;0.0;0.0;0.0;0.0;0.0;0.0;0.0;0.0;0.0
101073;Helerson Mateus do Nascimento;Helerson;0.0;0.0;0.0;0.0;0.0;0.0;0.0;0.0;0.0;0.0;0.0;0.0;0.0;0.0;0.0;0.0;0.0;0.0
68925;Leonardo Fabiano da Silva e Silva;Leonardo Silva;0.0;0.0;0.0;0.0;0.0;0.0;0.0;0.0;0.0;0.0;0.0;0.0;0.0;0.0;0.0;0.0;0.0;0.0
81770;Clayton Silveira da Silva;Clayton;0.0;0.0;0.0;0.0;0.0;0.0;0.0;0.0;0.0;0.0;0.0;0.0;0.0;0.0;0.0;0.0;0.0;0.0
81682;Juan Ramón Cazares Sevillano;Cazares;2.0;1.0;0.0;0.0;0.0;0.0;0.0;0.0;0.0;0.0;2.0;0.0;0.0;2.0;1.0;0.0;0.0;0.0
80124;Matheus Mancini;Matheus Mancini;0.0;0.0;0.0;0.0;0.0;0.0;0.0;0.0;0.0;0.0;0.0;0.0;0.0;0.0;0.0;0.0;0.0;0.0
37717;Fernando Henrique dos Anjos;Fernando Henrique;0.0;0.0;0.0;0.0;0.0;0.0;0.0;0.0;0.0;0.0;0.0;0.0;0.0;0.0;0.0;0.0;0.0;0.0
84848;Erik Nascimento Lima;Erik;0.0;2.0;0.0;0.0;0.0;0.0;0.0;0.0;0.0;0.0;2.0;0.0;0.0;0.0;0.0;0.0;1.0;0.0
84926;Yago Henrique Severino dos Santos;Yago;0.0;2.0;0.0;1.0;0.0;0.0;0.0;0.0;0.0;0.0;0.0;0.0;0.0;0.0;0.0;0.0;0.0;0.0
82758;Hyuri Henrique de Oliveira Costa;Hyuri;0.0;0.0;0.0;0.0;0.0;0.0;0.0;0.0;0.0;0.0;0.0;0.0;0.0;0.0;0.0;0.0;0.0;0.0
38178;Roberto César Zardin Rodrigues;Roberto;1.0;1.0;0.0;0.0;0.0;0.0;0.0;0.0;0.0;0.0;1.0;0.0;0.0;0.0;0.0;0.0;0.0;0.0
37899;Renan Brito Soares;Renan;0.0;0.0;0.0;0.0;0.0;0.0;0.0;0.0;0.0;0.0;0.0;0.0;0.0;0.0;0.0;0.0;0.0;0.0
37319;Marcelo Augusto Oliveira Chamusca;Marcelo Chamusca;0.0;0.0;0.0;0.0;0.0;0.0;0.0;0.0;0.0;0.0;0.0;0.0;0.0;0.0;0.0;0.0;0.0;0.0
87393;Gabriel Costa França;Gabriel;1.0;3.0;1.0;0.0;0.0;0.0;0.0;0.0;0.0;3.0;2.0;0.0;0.0;0.0;0.0;0.0;0.0;0.0
85027;Carlos Alberto Carvalho da Silva Júnior;Carlos;2.0;0.0;0.0;0.0;0.0;0.0;0.0;0.0;0.0;2.0;0.0;0.0;0.0;0.0;0.0;0.0;0.0;0.0
85418;Uilson Pedruzzi de Oliveira;Uilson;0.0;0.0;0.0;0.0;0.0;0.0;0.0;0.0;0.0;0.0;0.0;0.0;0.0;0.0;0.0;0.0;0.0;0.0
89226;Iago Justen Maidana Martins;Iago Maidana;0.0;0.0;0.0;0.0;0.0;0.0;0.0;0.0;0.0;0.0;0.0;0.0;0.0;0.0;0.0;0.0;0.0;0.0
83817;Clayson Henrique da Silva Vieira;Clayson;3.0;4.0;0.0;0.0;0.0;0.0;0.0;0.0;0.0;3.0;5.0;1.0;0.0;0.0;1.0;1.0;0.0;0.0
91191;Gustavo Blanco Petersen Macedo;Gustavo Blanco;7.0;6.0;0.0;1.0;0.0;0.0;0.0;0.0;0.0;1.0;0.0;2.0;1.0;3.0;0.0;0.0;1.0;0.0
38588;Elton Rodrigues Brandão;Elton;0.0;0.0;0.0;0.0;0.0;0.0;0.0;0.0;0.0;0.0;1.0;0.0;0.0;0.0;0.0;0.0;0.0;0.0
89898;Róger Krug Guedes;Róger Guedes;1.0;2.0;0.0;0.0;0.0;0.0;0.0;0.0;0.0;4.0;2.0;0.0;0.0;0.0;1.0;1.0;0.0;0.0
93659;Michael Matias Fracaro;Michael;0.0;0.0;0.0;0.0;0.0;0.0;0.0;0.0;0.0;0.0;0.0;0.0;0.0;0.0;0.0;0.0;0.0;0.0
50877;Pedro Ken Morimoto Moreira;Pedro Ken;0.0;0.0;0.0;0.0;0.0;0.0;0.0;0.0;0.0;0.0;0.0;0.0;0.0;0.0;0.0;0.0;0.0;0.0
51194;Rafael Pereira dos Santos;Rafael Pereira;0.0;0.0;0.0;0.0;0.0;0.0;0.0;0.0;0.0;0.0;0.0;0.0;0.0;0.0;0.0;0.0;0.0;0.0
97543;Fernando Rodrigues Caixeta Barbosa;Fernando;0.0;0.0;0.0;0.0;0.0;0.0;0.0;0.0;0.0;0.0;0.0;0.0;0.0;0.0;0.0;0.0;0.0;0.0
60825;Felipe Azevedo dos Santos;Felipe Azevedo;2.0;1.0;0.0;0.0;0.0;0.0;0.0;0.0;0.0;2.0;8.0;0.0;0.0;1.0;0.0;0.0;0.0;0.0
86764;Sidcley Ferreira Pereira;Sidcley;5.0;1.0;0.0;0.0;0.0;1.0;0.0;0.0;0.0;1.0;0.0;1.0;0.0;0.0;0.0;1.0;0.0;0.0
93882;Cleiton Schwengber;Cleiton;0.0;0.0;0.0;0.0;0.0;0.0;0.0;0.0;0.0;0.0;0.0;0.0;0.0;0.0;0.0;0.0;0.0;0.0
70118;Javier Arley Reina Calvo;Reina;0.0;0.0;0.0;0.0;0.0;0.0;0.0;0.0;0.0;2.0;1.0;0.0;0.0;1.0;0.0;0.0;0.0;0.0
68956;Ernandes Dias Luz;Ernandes;0.0;0.0;0.0;0.0;0.0;0.0;0.0;0.0;0.0;0.0;1.0;0.0;0.0;0.0;1.0;0.0;0.0;0.0
87225;Pedro Henrique Ribeiro Gonçalves;Pedro Henrique;0.0;0.0;0.0;0.0;0.0;0.0;0.0;0.0;0.0;0.0;0.0;0.0;0.0;0.0;0.0;0.0;0.0;0.0
88323;Ángel Rodrigo Romero Villamayor;Ángel Romero;3.0;5.0;0.0;1.0;0.0;0.0;0.0;0.0;0.0;4.0;8.0;1.0;0.0;0.0;4.0;0.0;0.0;0.0
70162;Francisco Jackson Menezes da Costa;Jackson Caucaia;0.0;0.0;0.0;0.0;0.0;0.0;0.0;0.0;0.0;0.0;0.0;0.0;0.0;0.0;0.0;0.0;0.0;0.0
97546;Marco Túlio Oliveira Lemos;Marco Túlio;0.0;0.0;0.0;0.0;0.0;0.0;0.0;0.0;0.0;0.0;0.0;0.0;0.0;0.0;0.0;0.0;0.0;0.0
89150;Jean Carlos de Souza Irmer;Jean;0.0;0.0;0.0;0.0;0.0;0.0;0.0;0.0;0.0;0.0;0.0;0.0;0.0;0.0;0.0;0.0;0.0;0.0
71937;Paulo Roberto Valoura Júnior;Juninho;6.0;3.0;0.0;0.0;0.0;0.0;0.0;0.0;0.0;0.0;11.0;0.0;0.0;0.0;1.0;0.0;0.0;0.0
70925;Wescley Gomes dos Santos;Wescley;1.0;2.0;0.0;0.0;0.0;0.0;0.0;0.0;0.0;3.0;3.0;0.0;0.0;0.0;0.0;0.0;0.0;0.0
87887;Fabián Cornelio Balbuena González;Balbuena;10.0;1.0;0.0;0.0;0.0;1.0;0.0;0.0;0.0;1.0;3.0;0.0;0.0;0.0;0.0;0.0;0.0;0.0
93108;Mateus da Silva Vital Assumpção;Mateus Vital;1.0;0.0;0.0;0.0;0.0;0.0;0.0;0.0;0.0;4.0;3.0;0.0;0.0;0.0;1.0;0.0;1.0;0.0
38394;Thiago Heleno Henrique Ferreira;Thiago Heleno;2.0;1.0;0.0;0.0;0.0;1.0;0.0;0.0;0.0;1.0;1.0;0.0;0.0;0.0;0.0;0.0;0.0;0.0
97619;Tomás Gustavo Andrade;Tomás Andrade;0.0;0.0;0.0;0.0;0.0;0.0;0.0;0.0;0.0;0.0;0.0;0.0;0.0;0.0;0.0;0.0;0.0;0.0
91808;Caíque França Godoy;Caíque França;0.0;0.0;0.0;0.0;0.0;0.0;0.0;0.0;0.0;0.0;0.0;0.0;0.0;0.0;0.0;0.0;0.0;0.0
72294;Éverson Felipe Marques Pires;Éverson;0.0;0.0;0.0;0.0;0.0;1.0;4.0;0.0;2.0;0.0;0.0;0.0;0.0;0.0;0.0;0.0;0.0;0.0
99817;Gleison Bremer Silva Nascimento;Bremer;4.0;4.0;0.0;1.0;0.0;0.0;0.0;0.0;0.0;1.0;4.0;0.0;0.0;0.0;0.0;0.0;0.0;0.0
101715;Alerrandro Barra Mansa Realino de Souza;Alerrandro;0.0;0.0;0.0;0.0;0.0;0.0;0.0;0.0;0.0;0.0;0.0;0.0;0.0;0.0;0.0;0.0;0.0;0.0
98765;José Marcos Costa Martins;Marquinhos;0.0;0.0;0.0;0.0;0.0;0.0;0.0;0.0;0.0;0.0;0.0;0.0;0.0;0.0;0.0;0.0;0.0;0.0
91519;Colin Kazim-Richards;Kazim;0.0;0.0;0.0;0.0;0.0;0.0;0.0;0.0;0.0;0.0;0.0;0.0;0.0;0.0;0.0;0.0;0.0;0.0
72362;Rodrigo Oliveira Lindoso;Rodrigo Lindoso;1.0;0.0;0.0;0.0;0.0;0.0;0.0;0.0;0.0;4.0;7.0;0.0;0.0;0.0;3.0;1.0;0.0;0.0
37604;Paulo André Cren Benini;Paulo André;1.0;3.0;0.0;0.0;0.0;1.0;0.0;0.0;0.0;1.0;2.0;0.0;0.0;0.0;0.0;0.0;0.0;0.0
94154;Maycon de Andrade Barberan;Maycon;0.0;0.0;0.0;0.0;0.0;0.0;0.0;0.0;0.0;0.0;1.0;0.0;0.0;0.0;0.0;0.0;0.0;0.0
94968;Luis Antônio da Rocha Júnior;Juninho Capixaba;0.0;0.0;0.0;0.0;0.0;0.0;0.0;0.0;0.0;0.0;0.0;0.0;0.0;0.0;0.0;0.0;0.0;0.0
94765;Leonardo Peixoto Principe;Léo Principe;0.0;0.0;0.0;0.0;0.0;0.0;0.0;0.0;0.0;0.0;0.0;0.0;0.0;0.0;0.0;0.0;0.0;0.0
68979;Giovanni Aparecido Adriano dos Santos;Giovanni;0.0;0.0;0.0;0.0;0.0;0.0;0.0;0.0;0.0;0.0;0.0;0.0;0.0;0.0;0.0;0.0;0.0;0.0
37662;Jonathan Cícero Moreira;Jonathan;1.0;0.0;0.0;0.0;0.0;0.0;0.0;0.0;0.0;0.0;1.0;1.0;0.0;0.0;0.0;0.0;0.0;0.0
77529;Leandro da Silva;Leandro Silva;0.0;0.0;0.0;0.0;0.0;0.0;0.0;0.0;0.0;0.0;0.0;0.0;0.0;0.0;0.0;0.0;0.0;0.0
50294;Guilherme Milhomem Gusmão;Guilherme;3.0;0.0;0.0;0.0;0.0;0.0;0.0;0.0;0.0;1.0;3.0;0.0;0.0;0.0;2.0;0.0;0.0;0.0
51700;Thiago Carleto Alves;Thiago Carleto;2.0;2.0;0.0;0.0;0.0;1.0;0.0;0.0;0.0;1.0;11.0;1.0;0.0;2.0;1.0;1.0;0.0;0.0
78897;Marinaldo dos Santos Oliveira;Naldo;1.0;0.0;0.0;0.0;0.0;0.0;0.0;0.0;0.0;0.0;0.0;0.0;0.0;0.0;0.0;0.0;0.0;0.0
78475;Alex Broch Amado;Alex Amado;0.0;0.0;0.0;0.0;0.0;0.0;0.0;0.0;0.0;0.0;0.0;0.0;0.0;0.0;0.0;0.0;0.0;0.0
68696;Bergson Gustavo Silveira da Silva;Bergson;0.0;0.0;0.0;0.0;0.0;0.0;0.0;0.0;0.0;0.0;0.0;0.0;0.0;0.0;0.0;0.0;0.0;0.0
79336;Romário Marques Rodrigues;Romário Rodrigues;0.0;0.0;0.0;0.0;0.0;0.0;0.0;0.0;0.0;0.0;0.0;0.0;0.0;0.0;0.0;0.0;0.0;0.0
68770;Guilherme de Aguiar Camacho;Camacho;3.0;2.0;0.0;0.0;1.0;0.0;0.0;0.0;0.0;1.0;7.0;0.0;0.0;0.0;0.0;0.0;0.0;0.0
79967;Rafael Bruno Cajueiro da Silva;Rafael Carioca;5.0;3.0;0.0;1.0;0.0;1.0;0.0;0.0;0.0;2.0;9.0;0.0;0.0;1.0;1.0;0.0;1.0;0.0
97315;Guilherme Mantuan;Mantuan;0.0;0.0;0.0;0.0;0.0;0.0;0.0;0.0;0.0;0.0;0.0;0.0;0.0;0.0;0.0;0.0;0.0;0.0
98706;Pedro Victor Delmino da Silva;Pedrinho;0.0;1.0;0.0;0.0;0.0;0.0;0.0;0.0;0.0;1.0;4.0;0.0;0.0;0.0;0.0;0.0;0.0;0.0
80975;Romário Guilherme dos Santos;Romário ;0.0;0.0;0.0;0.0;0.0;0.0;0.0;0.0;0.0;0.0;0.0;0.0;0.0;0.0;0.0;0.0;0.0;0.0
69012;Aderbar Melo dos Santos Neto;Santos;0.0;0.0;0.0;0.0;0.0;1.0;2.0;0.0;1.0;0.0;1.0;0.0;0.0;0.0;0.0;0.0;0.0;0.0
82469;Douglas Coutinho Gomes de Souza;Douglas Coutinho ;0.0;0.0;0.0;0.0;0.0;0.0;0.0;0.0;0.0;0.0;0.0;0.0;0.0;0.0;0.0;0.0;0.0;0.0
101716;Bruno Roberto Pereira da Silva;Bruno Roberto;0.0;0.0;0.0;0.0;0.0;0.0;0.0;0.0;0.0;0.0;0.0;0.0;0.0;0.0;0.0;0.0;0.0;0.0
101957;Thiago Larghi;Thiago Larghi;0.0;0.0;0.0;0.0;0.0;0.0;0.0;0.0;0.0;0.0;0.0;0.0;0.0;0.0;0.0;0.0;0.0;0.0
72359;Luiz Otávio Anacleto Leandro;Luiz Otávio;4.0;1.0;0.0;1.0;0.0;1.0;0.0;0.0;0.0;1.0;3.0;0.0;0.0;0.0;0.0;0.0;0.0;0.0
102146;Matheus Bezerra Lira;Matheus Lira;0.0;0.0;0.0;0.0;0.0;0.0;0.0;0.0;0.0;0.0;0.0;0.0;0.0;0.0;0.0;0.0;0.0;0.0
95820;Leonardo Rodrigues dos Santos;Léo Santos;0.0;0.0;0.0;0.0;0.0;0.0;0.0;0.0;0.0;0.0;0.0;0.0;0.0;0.0;0.0;0.0;0.0;0.0
73466;Francisco Hércules de Araújo;Pio;10.0;3.0;1.0;0.0;0.0;0.0;0.0;0.0;0.0;1.0;7.0;0.0;0.0;0.0;2.0;0.0;0.0;0.0
69018;Deivid Willian da Silva;Deivid;0.0;0.0;0.0;0.0;0.0;0.0;0.0;0.0;0.0;0.0;0.0;0.0;0.0;0.0;0.0;0.0;0.0;0.0
69138;Pablo Felipe Teixeira;Pablo;2.0;5.0;0.0;1.0;0.0;0.0;0.0;0.0;0.0;2.0;3.0;0.0;0.0;0.0;2.0;1.0;1.0;0.0
83963;Leandro Porto Torma;Leandro Canhoto;0.0;0.0;0.0;0.0;0.0;0.0;0.0;0.0;0.0;0.0;0.0;0.0;0.0;0.0;0.0;0.0;0.0;0.0
73487;Bruno Batista Pereira Pires;Bruno Pires;0.0;0.0;0.0;0.0;0.0;0.0;0.0;0.0;0.0;0.0;0.0;0.0;0.0;0.0;0.0;0.0;0.0;0.0
69705;Maycon Vinícius Ferreira da Cruz;Nikão;2.0;1.0;0.0;0.0;0.0;0.0;0.0;0.0;0.0;4.0;6.0;0.0;0.0;2.0;1.0;1.0;1.0;0.0
37281;Luis Antônio Venker de Menezes;Mano Menezes;0.0;0.0;0.0;0.0;0.0;0.0;0.0;0.0;0.0;0.0;0.0;0.0;0.0;0.0;0.0;0.0;0.0;0.0
101803;Carlos Augusto Zopalato Neves;Carlos Augusto;0.0;0.0;0.0;0.0;0.0;0.0;0.0;0.0;0.0;0.0;0.0;0.0;0.0;0.0;0.0;0.0;0.0;0.0
71043;Leonardo da Silva Vieira;Leo;0.0;0.0;0.0;0.0;0.0;0.0;0.0;0.0;0.0;0.0;0.0;0.0;0.0;0.0;0.0;0.0;0.0;0.0
86536;Richardson Fernandes dos Santos;Richardson;0.0;0.0;0.0;0.0;0.0;0.0;0.0;0.0;0.0;0.0;0.0;0.0;0.0;0.0;0.0;0.0;0.0;0.0
84509;Andrevaldo de Jesus Santos;Valdo;2.0;1.0;0.0;0.0;0.0;1.0;0.0;0.0;0.0;0.0;0.0;0.0;0.0;0.0;0.0;0.0;0.0;0.0
89930;Andrigo Oliveira de Araujo;Andrigo;1.0;3.0;0.0;0.0;0.0;0.0;0.0;0.0;0.0;1.0;4.0;0.0;0.0;2.0;1.0;0.0;1.0;0.0
100712;Filipe Gonçalves dos Santos;Filipe;0.0;0.0;0.0;0.0;0.0;0.0;0.0;0.0;0.0;0.0;0.0;0.0;0.0;0.0;0.0;0.0;0.0;0.0
37656;Fábio Deivson Lopes Maciel;Fábio;0.0;0.0;0.0;0.0;0.0;0.0;1.0;0.0;2.0;0.0;0.0;0.0;0.0;0.0;0.0;0.0;0.0;0.0
71479;Luis Oscar González;Lucho González;1.0;0.0;0.0;0.0;0.0;0.0;0.0;0.0;0.0;0.0;4.0;0.0;0.0;0.0;0.0;0.0;0.0;0.0
37694;Henrique Pacheco de Lima;Henrique;7.0;2.0;0.0;0.0;0.0;0.0;0.0;0.0;0.0;2.0;3.0;0.0;0.0;0.0;2.0;0.0;0.0;0.0
94138;Felipe dos Reis Pereira Vizeu do Carmo;Felipe Vizeu;0.0;0.0;0.0;0.0;0.0;0.0;0.0;0.0;0.0;0.0;0.0;0.0;0.0;0.0;0.0;0.0;0.0;0.0
100430;Matheus Matias Ferreira;Matheus Matias;0.0;0.0;0.0;0.0;0.0;0.0;0.0;0.0;0.0;0.0;0.0;0.0;0.0;0.0;0.0;0.0;0.0;0.0
72372;Felipe Alves Raymundo;Felipe Alves;0.0;0.0;0.0;0.0;0.0;0.0;0.0;0.0;0.0;0.0;0.0;0.0;0.0;0.0;0.0;0.0;0.0;0.0
38277;Thiago Neves Augusto;Thiago Neves;0.0;0.0;0.0;0.0;0.0;0.0;0.0;0.0;0.0;1.0;10.0;0.0;0.0;3.0;0.0;0.0;1.0;0.0
38162;Frederico Chaves Guedes;Fred;0.0;0.0;0.0;0.0;0.0;0.0;0.0;0.0;0.0;0.0;0.0;0.0;0.0;0.0;0.0;0.0;0.0;0.0
37798;Rafael Augusto Sobis do Nascimento;Rafael Sobis;1.0;1.0;0.0;0.0;0.0;0.0;0.0;0.0;0.0;0.0;1.0;0.0;0.0;0.0;1.0;0.0;0.0;0.0
72391;Fernando Diniz Silva;Fernando Diniz;0.0;0.0;0.0;0.0;0.0;0.0;0.0;0.0;0.0;0.0;0.0;0.0;0.0;0.0;0.0;0.0;0.0;0.0
38421;Rafael da Silva Francisco;Rafinha;0.0;0.0;0.0;0.0;0.0;0.0;0.0;0.0;0.0;0.0;2.0;0.0;0.0;0.0;0.0;0.0;0.0;0.0
73446;Éderson Alves Ribeiro Silva;Éderson;2.0;1.0;0.0;0.0;0.0;0.0;0.0;0.0;0.0;0.0;3.0;0.0;0.0;0.0;0.0;1.0;1.0;0.0
86143;Wanderson Santos Pereira;Wanderson;0.0;0.0;0.0;0.0;0.0;0.0;0.0;0.0;0.0;0.0;0.0;0.0;0.0;0.0;0.0;0.0;0.0;0.0
83528;Leonardo Pereira;Léo Pereira;0.0;0.0;0.0;0.0;0.0;0.0;0.0;0.0;0.0;0.0;0.0;0.0;0.0;0.0;0.0;0.0;0.0;0.0
91644;Rafael dos Santos da Silva;Rafinha;0.0;0.0;0.0;0.0;0.0;0.0;0.0;0.0;0.0;0.0;0.0;0.0;0.0;0.0;0.0;0.0;0.0;0.0
86766;Matheus Rossetto;Matheus Rossetto;4.0;3.0;0.0;0.0;0.0;0.0;0.0;0.0;0.0;1.0;5.0;0.0;0.0;0.0;0.0;1.0;0.0;0.0
92496;Raul Lô Gonçalves;Raul;0.0;0.0;0.0;0.0;0.0;0.0;0.0;0.0;0.0;0.0;0.0;0.0;0.0;0.0;0.0;0.0;0.0;0.0
92171;Arthur Mendonça Cabral;Arthur;2.0;1.0;0.0;0.0;0.0;0.0;0.0;0.0;0.0;0.0;3.0;0.0;0.0;2.0;1.0;0.0;0.0;0.0
87864;Felipe Gedoz da Conceição;Felipe Gedoz ;0.0;0.0;0.0;0.0;0.0;0.0;0.0;0.0;0.0;0.0;0.0;0.0;0.0;0.0;0.0;0.0;0.0;0.0
94503;Luidy Viegas;Luidy;0.0;0.0;0.0;0.0;0.0;0.0;0.0;0.0;0.0;0.0;0.0;0.0;0.0;0.0;0.0;0.0;0.0;0.0
99595;Patrick William Sá de Oliveira;Patrick;0.0;0.0;0.0;0.0;0.0;0.0;0.0;0.0;0.0;0.0;0.0;0.0;0.0;0.0;0.0;0.0;0.0;0.0
42145;Egídio de Araújo Pereira Júnior;Egídio;2.0;5.0;0.0;0.0;0.0;0.0;0.0;0.0;0.0;1.0;2.0;0.0;0.0;0.0;0.0;0.0;0.0;0.0
38523;Edílson Mendes Guimarães;Edílson;1.0;1.0;0.0;0.0;0.0;0.0;0.0;0.0;0.0;0.0;2.0;0.0;0.0;0.0;0.0;0.0;0.0;0.0
101708;Felipe Jonatan Rocha Andrade;Felipe Jonatan;0.0;0.0;0.0;0.0;0.0;0.0;0.0;0.0;0.0;0.0;0.0;0.0;0.0;0.0;0.0;0.0;0.0;0.0
38957;Rafael Marques Mariano;Rafael Marques;0.0;1.0;0.0;0.0;0.0;0.0;0.0;0.0;0.0;0.0;0.0;0.0;0.0;0.0;0.0;0.0;0.0;0.0
60819;Anderson Vital da Silva;Dedé;5.0;3.0;0.0;2.0;0.0;0.0;0.0;0.0;0.0;4.0;4.0;0.0;0.0;1.0;1.0;0.0;0.0;0.0
62104;Róbson Michael Signorini;Robinho;2.0;1.0;0.0;0.0;0.0;0.0;0.0;0.0;0.0;2.0;8.0;0.0;0.0;0.0;0.0;0.0;0.0;0.0
37306;Gilson Kleina;Gilson Kleina;0.0;0.0;0.0;0.0;0.0;0.0;0.0;0.0;0.0;0.0;0.0;0.0;0.0;0.0;0.0;0.0;0.0;0.0
90959;Esteban Andrés Pavez Suazo;Pavez;3.0;0.0;0.0;0.0;0.0;0.0;0.0;0.0;0.0;3.0;4.0;0.0;0.0;0.0;0.0;0.0;0.0;0.0
90535;Alex Sandro dos Santos Apolinario;Alex;0.0;0.0;0.0;0.0;0.0;0.0;0.0;0.0;0.0;0.0;0.0;0.0;0.0;0.0;0.0;0.0;0.0;0.0
38279;Wellington Pereira do Nascimento;Wellington Paulista;2.0;6.0;0.0;1.0;0.0;0.0;0.0;0.0;0.0;3.0;3.0;0.0;0.0;0.0;3.0;2.0;3.0;0.0
90587;Gustavo Cascardo de Assis;Cascardo;0.0;0.0;0.0;0.0;0.0;0.0;0.0;0.0;0.0;0.0;0.0;0.0;0.0;0.0;0.0;0.0;0.0;0.0
42232;William José de Souza;Amaral;2.0;3.0;0.0;0.0;0.0;0.0;0.0;0.0;0.0;1.0;4.0;0.0;0.0;0.0;0.0;0.0;0.0;0.0
91866;José Ivaldo Almeida Silva;Zé Ivaldo;0.0;3.0;0.0;1.0;0.0;1.0;0.0;0.0;0.0;1.0;2.0;0.0;0.0;0.0;0.0;0.0;0.0;0.0
50313;Elicarlos Souza Santos;Elicarlos;0.0;3.0;0.0;0.0;0.0;0.0;0.0;0.0;0.0;2.0;0.0;0.0;0.0;0.0;0.0;0.0;0.0;0.0
91783;Diego Ferreira Matheus;Diego;0.0;0.0;0.0;0.0;0.0;0.0;0.0;0.0;0.0;0.0;0.0;0.0;0.0;0.0;0.0;0.0;0.0;0.0
38311;Márcio Rodrigues Araújo;Márcio Araújo;1.0;2.0;0.0;1.0;0.0;0.0;0.0;0.0;0.0;0.0;1.0;0.0;0.0;0.0;0.0;0.0;0.0;0.0
94068;Lucas Ribamar Lopes dos Santos Bibiano;Ribamar;0.0;1.0;0.0;0.0;0.0;0.0;0.0;0.0;0.0;2.0;1.0;0.0;0.0;0.0;4.0;0.0;1.0;0.0
50645;Carlos Eduardo Santos Oliveira;Eduardo;1.0;0.0;0.0;0.0;0.0;0.0;0.0;0.0;0.0;1.0;0.0;0.0;0.0;0.0;0.0;0.0;0.0;0.0
92085;Giovanny Bariani Marques;Giovanny ;0.0;0.0;0.0;0.0;0.0;0.0;0.0;0.0;0.0;0.0;0.0;0.0;0.0;0.0;0.0;0.0;0.0;0.0
50459;Leonardo Renan Simões de Lacerda;Léo;4.0;3.0;0.0;0.0;0.0;0.0;0.0;0.0;0.0;0.0;0.0;0.0;0.0;0.0;0.0;0.0;0.0;0.0
51042;Luiz Diallison de Souza Alves;Apodi;2.0;5.0;0.0;0.0;0.0;0.0;0.0;0.0;0.0;0.0;5.0;0.0;0.0;0.0;2.0;0.0;0.0;0.0
68698;Bruno César Pereira da Silva;Bruno Silva;0.0;0.0;0.0;0.0;0.0;0.0;0.0;0.0;0.0;0.0;0.0;0.0;0.0;0.0;0.0;0.0;0.0;0.0
95127;Nicolas Vichiatto da Silva;Nicolas;0.0;0.0;0.0;0.0;0.0;0.0;0.0;0.0;0.0;0.0;0.0;0.0;0.0;0.0;0.0;0.0;0.0;0.0
98421;Kendy Tateishi Berbel;Kendy;0.0;0.0;0.0;0.0;0.0;0.0;0.0;0.0;0.0;0.0;0.0;0.0;0.0;0.0;0.0;0.0;0.0;0.0
94509;Raphael Cavalcante Veiga;Raphael Veiga;0.0;0.0;0.0;0.0;0.0;0.0;0.0;0.0;0.0;0.0;0.0;1.0;0.0;0.0;0.0;0.0;0.0;0.0
95126;Yago César da Silva;Yago;0.0;0.0;0.0;0.0;0.0;0.0;0.0;0.0;0.0;0.0;0.0;0.0;0.0;0.0;0.0;0.0;0.0;0.0
63128;Douglas Silva Bacelar;Douglas;4.0;4.0;0.0;0.0;0.0;0.0;0.0;0.0;0.0;2.0;1.0;0.0;0.0;0.0;1.0;0.0;0.0;0.0
63110;Alan Luciano Ruschel;Alan Ruschel;0.0;0.0;0.0;0.0;0.0;0.0;0.0;0.0;0.0;0.0;0.0;0.0;0.0;0.0;0.0;0.0;0.0;0.0
95332;Marcio Antonio de Sousa Júnior;Marcinho;0.0;0.0;0.0;0.0;0.0;0.0;0.0;0.0;0.0;0.0;0.0;0.0;0.0;0.0;0.0;0.0;0.0;0.0
91687; João Pedro Heinen Silva;João Pedro;0.0;0.0;0.0;0.0;0.0;0.0;0.0;0.0;0.0;0.0;0.0;0.0;0.0;0.0;0.0;0.0;0.0;0.0
68917;Vinicius Santos Silva;Vinicius;1.0;1.0;0.0;0.0;0.0;0.0;0.0;0.0;0.0;2.0;3.0;0.0;0.0;1.0;2.0;0.0;0.0;0.0
97879;Matheus Aleksander dos Anjos;Matheus Anjos;0.0;0.0;0.0;0.0;0.0;0.0;0.0;0.0;0.0;0.0;0.0;0.0;0.0;0.0;0.0;0.0;0.0;0.0
98352;Bruno Guimarães Rodriguez Moura;Bruno Guimarães;4.0;2.0;0.0;1.0;0.0;0.0;0.0;0.0;0.0;8.0;4.0;0.0;0.0;0.0;0.0;0.0;0.0;0.0
68886;Rodrigo Júnior Paula Silva;Digão;0.0;0.0;0.0;0.0;0.0;0.0;0.0;0.0;0.0;0.0;0.0;0.0;0.0;0.0;0.0;0.0;0.0;0.0
69008;Hélio Hermito Zampier Neto;Neto;0.0;0.0;0.0;0.0;0.0;0.0;0.0;0.0;0.0;0.0;0.0;0.0;0.0;0.0;0.0;0.0;0.0;0.0
99411;Alexsander Jhonatta de Oliveira Andrade;Alexsander;0.0;0.0;0.0;0.0;0.0;0.0;0.0;0.0;0.0;0.0;0.0;0.0;0.0;0.0;0.0;0.0;0.0;0.0
98874;Marcelo dos Santos Rosa;Marcelo;0.0;0.0;0.0;0.0;0.0;0.0;0.0;0.0;0.0;0.0;0.0;0.0;0.0;0.0;0.0;0.0;0.0;0.0
99021;Riuler de Oliveira Faustino;Riuler;0.0;0.0;0.0;0.0;0.0;0.0;0.0;0.0;0.0;0.0;0.0;0.0;0.0;0.0;0.0;0.0;0.0;0.0
73918;Héctor Canteros;Canteros;1.0;0.0;0.0;0.0;0.0;0.0;0.0;0.0;0.0;0.0;11.0;1.0;0.0;0.0;1.0;0.0;0.0;0.0
68928;Rafael Pires Monteiro;Rafael;0.0;0.0;0.0;0.0;0.0;0.0;0.0;0.0;0.0;0.0;0.0;0.0;0.0;0.0;0.0;0.0;0.0;0.0
74060;Luiz Antonio de Souza Soares;Luiz Antonio ;2.0;1.0;0.0;0.0;0.0;0.0;0.0;0.0;0.0;1.0;1.0;0.0;0.0;0.0;1.0;0.0;0.0;0.0
78991;Moisés Ribeiro Santos;Moisés Ribeiro;0.0;0.0;0.0;0.0;0.0;0.0;0.0;0.0;0.0;0.0;0.0;0.0;0.0;0.0;0.0;0.0;0.0;0.0
99460;Caio Alan Tem Catem Gonçalves;Caio;0.0;0.0;0.0;0.0;0.0;0.0;0.0;0.0;0.0;0.0;0.0;0.0;0.0;0.0;0.0;0.0;0.0;0.0
94214;Leonardo Campos Duarte da Silva;Léo Duarte;0.0;1.0;0.0;0.0;0.0;1.0;0.0;0.0;0.0;0.0;0.0;0.0;0.0;1.0;0.0;0.0;0.0;0.0
100459;Weverton Almeida Silva;Weverton Almeida;0.0;0.0;0.0;0.0;0.0;0.0;0.0;0.0;0.0;0.0;0.0;0.0;0.0;0.0;0.0;0.0;0.0;0.0
99461;Daniel dos Santos Oliveira;Daniel ;0.0;0.0;0.0;0.0;0.0;0.0;0.0;0.0;0.0;0.0;0.0;0.0;0.0;0.0;0.0;0.0;0.0;0.0
79276;Nery Rubén Bareiro Zorrilla;Nery Bareiro;0.0;0.0;0.0;0.0;0.0;0.0;0.0;0.0;0.0;0.0;0.0;0.0;0.0;0.0;0.0;0.0;0.0;0.0
99832;Leonardo da Silva Simas;Leonardo Simas;0.0;0.0;0.0;0.0;0.0;0.0;0.0;0.0;0.0;0.0;0.0;0.0;0.0;0.0;0.0;0.0;0.0;0.0
101678;Demethryus Maciel Areias Nascimento;Demethryus;0.0;0.0;0.0;0.0;0.0;0.0;0.0;0.0;0.0;0.0;0.0;0.0;0.0;0.0;0.0;0.0;0.0;0.0
79892;Odair Souza ;Nenén;0.0;0.0;0.0;0.0;0.0;0.0;0.0;0.0;0.0;0.0;0.0;0.0;0.0;0.0;0.0;0.0;0.0;0.0
96591;Renan Augusto Lodi dos Santos;Renan Lodi;0.0;0.0;0.0;0.0;0.0;0.0;0.0;0.0;0.0;0.0;0.0;0.0;0.0;0.0;0.0;0.0;0.0;0.0
80140;Nadson da Silva Almeida;Nadson;0.0;0.0;0.0;0.0;0.0;0.0;0.0;0.0;0.0;1.0;3.0;0.0;0.0;0.0;0.0;0.0;0.0;0.0
80326;Gilsivan Soares da Silva ;Ivan;0.0;0.0;0.0;0.0;0.0;0.0;0.0;0.0;0.0;0.0;0.0;0.0;0.0;0.0;0.0;0.0;0.0;0.0
101686;Guilherme Ribeiro Rend;Guilherme Ribeiro;0.0;0.0;0.0;0.0;0.0;0.0;0.0;0.0;0.0;0.0;0.0;0.0;0.0;0.0;0.0;0.0;0.0;0.0
101960;Vitor Hugo Naum Dos Santos;Vitor Naum;0.0;0.0;0.0;0.0;0.0;0.0;0.0;0.0;0.0;0.0;0.0;0.0;0.0;0.0;0.0;0.0;0.0;0.0
97653;Murilo Cerqueira Paim;Murilo;0.0;0.0;0.0;0.0;0.0;0.0;0.0;0.0;0.0;0.0;0.0;0.0;0.0;0.0;0.0;0.0;0.0;0.0
80337;Arthur Caíke do Nascimento Cruz;Arthur ;3.0;1.0;0.0;0.0;0.0;0.0;0.0;0.0;0.0;2.0;5.0;0.0;0.0;0.0;3.0;0.0;0.0;0.0
83048;Rafael Thyere Albuquerque Marques;Rafael Thyere;2.0;2.0;0.0;1.0;0.0;0.0;0.0;0.0;0.0;0.0;3.0;0.0;0.0;0.0;0.0;0.0;0.0;0.0
69014;Manoel Messias Silva Carvalho;Manoel;0.0;0.0;0.0;0.0;0.0;0.0;0.0;0.0;0.0;0.0;0.0;0.0;0.0;0.0;0.0;0.0;0.0;0.0
102290;Gabriel José Ferreira Mesquita;Gabriel;0.0;0.0;0.0;0.0;0.0;0.0;0.0;0.0;0.0;0.0;0.0;0.0;0.0;0.0;0.0;0.0;0.0;0.0
102301;Bruno da Silva Costa Leite;Bruno Leite;0.0;0.0;0.0;0.0;0.0;0.0;0.0;0.0;0.0;0.0;0.0;0.0;0.0;0.0;0.0;0.0;0.0;0.0
102253;Lucas Halter;Lucas Halter;0.0;0.0;0.0;0.0;0.0;0.0;0.0;0.0;0.0;0.0;0.0;0.0;0.0;0.0;0.0;0.0;0.0;0.0
81537;Vinícius Freitas Ribeiro;Vinícius Freitas;2.0;0.0;0.0;1.0;0.0;0.0;0.0;0.0;0.0;0.0;3.0;1.0;0.0;0.0;0.0;0.0;0.0;0.0
81898;Osman de Menezes Venâncio Junior;Osman;0.0;0.0;0.0;0.0;0.0;0.0;0.0;0.0;0.0;0.0;0.0;0.0;0.0;0.0;0.0;0.0;0.0;0.0
86508;Jandrei Chitolina Carniel;Jandrei;0.0;0.0;0.0;0.0;0.0;0.0;3.0;0.0;6.0;1.0;1.0;0.0;0.0;0.0;0.0;0.0;0.0;0.0
86863;Luiz Otávio da Silva Santos;Luiz Otávio ;0.0;0.0;0.0;0.0;0.0;0.0;0.0;0.0;0.0;0.0;0.0;0.0;0.0;0.0;0.0;0.0;0.0;0.0
37245;Augusto Sérgio Ferreira;Guto Ferreira;0.0;0.0;0.0;0.0;0.0;0.0;0.0;0.0;0.0;0.0;0.0;0.0;0.0;0.0;0.0;0.0;0.0;0.0
90061;Bruno de Jesus Pacheco;Bruno Pacheco;1.0;1.0;0.0;0.0;0.0;0.0;0.0;0.0;0.0;1.0;1.0;0.0;0.0;0.0;0.0;0.0;0.0;0.0
71066;Federico Mancuello;Mancuello;2.0;3.0;0.0;0.0;0.0;0.0;0.0;0.0;0.0;0.0;3.0;0.0;0.0;2.0;0.0;0.0;0.0;0.0
79701;Lucas Silva Borges;Lucas Silva;0.0;1.0;0.0;0.0;0.0;0.0;0.0;0.0;0.0;2.0;2.0;0.0;0.0;0.0;2.0;0.0;0.0;0.0
79578;Luiz Ricardo Alves;Sassá;1.0;6.0;0.0;1.0;0.0;0.0;0.0;0.0;0.0;5.0;1.0;0.0;0.0;0.0;0.0;0.0;0.0;0.0
90843;Elias Martello Curzel;Elias;0.0;0.0;0.0;0.0;0.0;0.0;0.0;0.0;0.0;0.0;0.0;0.0;0.0;0.0;0.0;0.0;0.0;0.0
90768;Fabrício Bruno Soares de Faria;Fabrício Bruno;0.0;0.0;0.0;0.0;0.0;0.0;0.0;0.0;0.0;0.0;0.0;0.0;0.0;0.0;0.0;0.0;0.0;0.0
38001;Anderson Pedro Nunes da Silva Campos;Anderson;0.0;0.0;0.0;0.0;0.0;0.0;0.0;0.0;0.0;0.0;0.0;0.0;0.0;0.0;0.0;0.0;0.0;0.0
97535;Hiago Correa Silveira Cena;Hiago;0.0;0.0;0.0;0.0;0.0;0.0;0.0;0.0;0.0;0.0;0.0;0.0;0.0;0.0;0.0;0.0;0.0;0.0
71719;Elton Junior Melo Ataíde;Elton;8.0;8.0;0.0;0.0;0.0;0.0;0.0;0.0;0.0;1.0;5.0;1.0;0.0;0.0;0.0;0.0;0.0;0.0
94286;Pedro Henrique Perotti;Perotti;0.0;0.0;0.0;0.0;0.0;0.0;0.0;0.0;0.0;0.0;0.0;0.0;0.0;0.0;0.0;0.0;0.0;0.0
80318;Ezequiel Jacinto de Biasi;Ezequiel ;0.0;0.0;0.0;0.0;0.0;0.0;0.0;0.0;0.0;0.0;0.0;0.0;0.0;0.0;0.0;0.0;0.0;0.0
94207;Guilherme Augusto Vieira dos Santos;Guilherme;0.0;0.0;0.0;0.0;0.0;0.0;0.0;0.0;0.0;1.0;1.0;0.0;0.0;0.0;0.0;0.0;0.0;0.0
38573;Nílton Ferreira Júnior;Nilton;0.0;0.0;0.0;0.0;0.0;0.0;0.0;0.0;0.0;0.0;0.0;0.0;0.0;0.0;0.0;0.0;0.0;0.0
50402;Kayke Moreno de Andrade Rodrigues;Kayke;0.0;0.0;0.0;0.0;0.0;0.0;0.0;0.0;0.0;0.0;0.0;0.0;0.0;0.0;0.0;0.0;0.0;0.0
80363;Alejandro Ariel Cabral;Ariel Cabral;3.0;2.0;0.0;1.0;0.0;0.0;0.0;0.0;0.0;2.0;2.0;0.0;0.0;0.0;0.0;0.0;0.0;0.0
98412;Giovanni Silva Tiepo;Tiepo;0.0;0.0;0.0;0.0;0.0;0.0;0.0;0.0;0.0;0.0;0.0;0.0;0.0;0.0;0.0;0.0;0.0;0.0
68808;Severino do Ramo Clementino da Silva;Nino Paraíba;6.0;2.0;0.0;1.0;0.0;1.0;0.0;0.0;0.0;7.0;4.0;0.0;0.0;2.0;1.0;0.0;0.0;0.0
98420;Bruno Bortolini Jackel;Bruno;0.0;0.0;0.0;0.0;0.0;0.0;0.0;0.0;0.0;0.0;0.0;0.0;0.0;0.0;0.0;0.0;0.0;0.0
84558;Lucas Daniel Romero;Lucas Romero;1.0;2.0;0.0;0.0;0.0;0.0;0.0;0.0;0.0;2.0;5.0;0.0;0.0;0.0;0.0;0.0;1.0;0.0
71162;Vinícius Goes Barbosa de Souza;Vinícius;0.0;1.0;0.0;0.0;0.0;0.0;0.0;0.0;0.0;2.0;3.0;0.0;0.0;1.0;0.0;0.0;0.0;0.0
82639;Marcelo Hermes;Marcelo Hermes;2.0;3.0;0.0;0.0;0.0;0.0;0.0;0.0;0.0;1.0;6.0;0.0;0.0;0.0;1.0;0.0;0.0;0.0
86797;Raniel Santana de Vasconcelos;Raniel;0.0;0.0;0.0;0.0;0.0;0.0;0.0;0.0;0.0;0.0;0.0;0.0;0.0;0.0;0.0;0.0;0.0;0.0
90309;David Correa da Fonseca;David;0.0;0.0;0.0;0.0;0.0;0.0;0.0;0.0;0.0;0.0;3.0;0.0;0.0;1.0;0.0;0.0;1.0;0.0
74140;José Élber Pimentel da Silva;Élber;0.0;0.0;0.0;0.0;0.0;0.0;0.0;0.0;0.0;0.0;0.0;0.0;0.0;0.0;0.0;0.0;0.0;0.0
89190;Judivan Flor da Silva;Judivan ;0.0;0.0;0.0;0.0;0.0;0.0;0.0;0.0;0.0;0.0;0.0;0.0;0.0;0.0;0.0;0.0;0.0;0.0
87863;Giorgian Daniel de Arrascaeta Benedetti;Arrascaeta;5.0;5.0;0.0;1.0;0.0;0.0;0.0;0.0;0.0;5.0;7.0;0.0;1.0;4.0;1.0;0.0;0.0;0.0
93869;Lucas Oliveira de França;Lucas França;0.0;0.0;0.0;0.0;0.0;0.0;0.0;0.0;0.0;0.0;0.0;0.0;0.0;0.0;0.0;0.0;0.0;0.0
99670;Arthur Henrique Vieira Araujo;Arthur;0.0;0.0;0.0;0.0;0.0;0.0;0.0;0.0;0.0;0.0;0.0;0.0;0.0;0.0;0.0;0.0;0.0;0.0
80853;Pedro Tonon Geromel;Pedro Geromel;3.0;1.0;0.0;1.0;0.0;1.0;0.0;0.0;0.0;0.0;1.0;0.0;0.0;0.0;0.0;0.0;0.0;0.0
97856;Lucas de Souza Ventura;Nonoca;0.0;0.0;0.0;0.0;0.0;0.0;0.0;0.0;0.0;0.0;0.0;0.0;0.0;0.0;0.0;0.0;0.0;0.0
95738;Miguel Ángel Trauco Saavedra;Trauco;0.0;0.0;0.0;0.0;0.0;0.0;0.0;0.0;0.0;0.0;0.0;0.0;0.0;0.0;0.0;0.0;0.0;0.0
100158;Lucas Soares de Almeida;Lucas Soares;0.0;0.0;0.0;0.0;0.0;0.0;0.0;0.0;0.0;0.0;0.0;0.0;0.0;0.0;0.0;0.0;0.0;0.0
100159;Vander Tavares Silva;Vander;0.0;0.0;0.0;0.0;0.0;0.0;0.0;0.0;0.0;0.0;0.0;0.0;0.0;0.0;0.0;0.0;0.0;0.0
95260;Victor Luiz Prestes Filho;Victor Luiz;0.0;0.0;0.0;0.0;0.0;0.0;0.0;0.0;0.0;0.0;0.0;0.0;0.0;0.0;0.0;0.0;0.0;0.0
70934;Jackson de Souza;Jackson;0.0;0.0;0.0;0.0;0.0;0.0;0.0;0.0;0.0;0.0;0.0;0.0;0.0;0.0;0.0;0.0;0.0;0.0
97902;Rafael Santos de Sousa;Rafael;0.0;0.0;0.0;0.0;0.0;0.0;0.0;0.0;0.0;0.0;0.0;0.0;0.0;0.0;0.0;0.0;0.0;0.0
102137;Vitor Eudes de Souza Costa;Vitor Eudes;0.0;0.0;0.0;0.0;0.0;0.0;0.0;0.0;0.0;0.0;0.0;0.0;0.0;0.0;0.0;0.0;0.0;0.0
94930;Lucas Tolentino Coelho de Lima;Lucas Paquetá;5.0;3.0;0.0;0.0;0.0;0.0;0.0;0.0;0.0;10.0;6.0;0.0;0.0;2.0;2.0;1.0;0.0;0.0
98333;Gabriel Batista de Souza;Gabriel Batista;0.0;0.0;0.0;0.0;0.0;0.0;0.0;0.0;0.0;0.0;0.0;0.0;0.0;0.0;0.0;0.0;0.0;0.0
102340;Carlos de Menezes Júnior;Cacá;0.0;0.0;0.0;0.0;0.0;0.0;0.0;0.0;0.0;0.0;0.0;0.0;0.0;0.0;0.0;0.0;0.0;0.0
102342;Marcelo de Souza dos Santos Júnior;Marcelo;0.0;0.0;0.0;0.0;0.0;0.0;0.0;0.0;0.0;0.0;0.0;0.0;0.0;0.0;0.0;0.0;0.0;0.0
98515;Lucas da Silva de Jesus;Lucas Silva;0.0;0.0;0.0;0.0;0.0;0.0;0.0;0.0;0.0;0.0;0.0;0.0;0.0;0.0;0.0;0.0;0.0;0.0
38509;Diego Alves Carreira;Diego Alves;0.0;0.0;0.0;0.0;0.0;0.0;2.0;0.0;2.0;0.0;3.0;0.0;0.0;0.0;0.0;0.0;0.0;0.0
100065;Lincoln Corrêa dos Santos;Lincoln;0.0;0.0;0.0;0.0;0.0;0.0;0.0;0.0;0.0;0.0;0.0;0.0;0.0;0.0;0.0;0.0;0.0;0.0
42501;Luiz Rhodolfo Dini Gaioto;Rhodolfo;0.0;0.0;0.0;0.0;0.0;0.0;0.0;0.0;0.0;0.0;0.0;0.0;0.0;0.0;0.0;0.0;0.0;0.0
98517;Jean Lucas de Souza Oliveira;Jean Lucas;0.0;1.0;0.0;0.0;0.0;0.0;0.0;0.0;0.0;0.0;0.0;0.0;0.0;0.0;0.0;0.0;0.0;0.0
99535;Vinicius José Paixão de Oliveira Junior;Vinicius Junior;1.0;1.0;0.0;0.0;0.0;0.0;0.0;0.0;0.0;5.0;9.0;2.0;0.0;2.0;2.0;0.0;0.0;0.0
36540;Juan Silveira dos Santos;Juan;1.0;0.0;0.0;0.0;0.0;0.0;0.0;0.0;0.0;1.0;5.0;0.0;0.0;0.0;0.0;0.0;0.0;0.0
50301;Everton Cardoso da Silva;Everton;0.0;2.0;0.0;0.0;0.0;0.0;0.0;0.0;0.0;0.0;2.0;0.0;0.0;1.0;0.0;0.0;0.0;0.0
51772;Éverton Augusto de Barros Ribeiro;Éverton Ribeiro;0.0;1.0;0.0;0.0;1.0;0.0;0.0;0.0;0.0;0.0;1.0;0.0;0.0;0.0;0.0;0.0;0.0;0.0
100126;Kleber Augusto Caetano Leite Filho;Kleber;0.0;0.0;0.0;0.0;0.0;0.0;0.0;0.0;0.0;0.0;0.0;0.0;0.0;0.0;0.0;0.0;0.0;0.0
85300;Orlando Enrique Berrío Meléndez;Berrío ;0.0;0.0;0.0;0.0;0.0;0.0;0.0;0.0;0.0;0.0;0.0;0.0;0.0;0.0;0.0;0.0;0.0;0.0
52253;Réver Humberto Alves Araújo;Réver;1.0;0.0;0.0;0.0;0.0;1.0;0.0;0.0;0.0;4.0;3.0;0.0;0.0;1.0;2.0;1.0;0.0;0.0
100125;Matheus Soares Thuler;Thuler;0.0;0.0;0.0;0.0;0.0;0.0;0.0;0.0;0.0;0.0;0.0;0.0;0.0;0.0;0.0;0.0;0.0;0.0
62086;Marcos Rogério Ricci Lopes;Pará;0.0;0.0;0.0;0.0;0.0;0.0;0.0;0.0;0.0;0.0;0.0;0.0;0.0;0.0;0.0;0.0;0.0;0.0
101573;João Pedro Vilardi Pinto;Pepê;0.0;0.0;0.0;0.0;0.0;0.0;0.0;0.0;0.0;0.0;0.0;0.0;0.0;0.0;0.0;0.0;0.0;0.0
100127;Pablo Carneiro Freitas;Pablo Maldini;0.0;0.0;0.0;0.0;0.0;0.0;0.0;0.0;0.0;0.0;0.0;0.0;0.0;0.0;0.0;0.0;0.0;0.0
70173;Ederson Honorato Campos;Ederson;0.0;0.0;0.0;0.0;0.0;0.0;0.0;0.0;0.0;0.0;0.0;0.0;0.0;0.0;0.0;0.0;0.0;0.0
70009;Romulo Borges Monteiro;Romulo;0.0;0.0;0.0;0.0;0.0;0.0;0.0;0.0;0.0;0.0;0.0;0.0;0.0;0.0;0.0;0.0;0.0;0.0
101575;Wendel da Silva Costa;Wendel;0.0;0.0;0.0;0.0;0.0;0.0;0.0;0.0;0.0;0.0;0.0;0.0;0.0;0.0;0.0;0.0;0.0;0.0
71709;Gustavo Leonardo Cuellar Gallego;Cuéllar;6.0;4.0;0.0;0.0;0.0;0.0;0.0;0.0;0.0;0.0;2.0;0.0;0.0;0.0;1.0;0.0;0.0;0.0
101577;Michael Rangel dos Santos de Almeida;Michael;0.0;0.0;0.0;0.0;0.0;0.0;0.0;0.0;0.0;0.0;0.0;0.0;0.0;0.0;0.0;0.0;0.0;0.0
75295;José Paolo Guerrero Gonzales;Paolo Guerrero;0.0;0.0;0.0;0.0;0.0;0.0;0.0;0.0;0.0;0.0;0.0;0.0;0.0;0.0;0.0;0.0;0.0;0.0
101592;Matheus de Jesus Dantas;Matheus Dantas;0.0;0.0;0.0;0.0;0.0;0.0;0.0;0.0;0.0;0.0;0.0;0.0;0.0;0.0;0.0;0.0;0.0;0.0
78086;César Bernardo Dutra;César;0.0;0.0;0.0;0.0;0.0;0.0;0.0;0.0;0.0;0.0;0.0;0.0;0.0;0.0;0.0;0.0;0.0;0.0
73896;Geuvânio Santos Silva;Geuvânio;2.0;2.0;0.0;1.0;0.0;0.0;0.0;0.0;0.0;1.0;4.0;1.0;0.0;0.0;0.0;0.0;1.0;0.0
101574;Hugo de Souza Nogueira;Hugo Souza;0.0;0.0;0.0;0.0;0.0;0.0;0.0;0.0;0.0;0.0;0.0;0.0;0.0;0.0;0.0;0.0;0.0;0.0
73992;Rodinei Marcelo de Almeida;Rodinei;2.0;0.0;0.0;0.0;0.0;1.0;0.0;0.0;0.0;5.0;6.0;0.0;0.0;0.0;2.0;0.0;0.0;0.0
78445;Renê Rodrigues Martins;Renê;6.0;2.0;0.0;0.0;0.0;1.0;0.0;0.0;0.0;1.0;6.0;0.0;0.0;0.0;0.0;0.0;0.0;0.0
81905;José Henrique da Silva Dourado;Henrique Dourado;0.0;3.0;0.0;0.0;0.0;0.0;0.0;0.0;0.0;5.0;2.0;0.0;0.0;0.0;0.0;2.0;0.0;0.0
101596;Vitor Gabriel Claudino Rego Ferreira;Vitor Gabriel;0.0;0.0;0.0;0.0;0.0;0.0;0.0;0.0;0.0;0.0;0.0;0.0;0.0;0.0;0.0;0.0;0.0;0.0
101598;Patrick da Silva Ferreira Souza;Patrick;0.0;0.0;0.0;0.0;0.0;0.0;0.0;0.0;0.0;0.0;0.0;0.0;0.0;0.0;0.0;0.0;0.0;0.0
89827;Marlos Moreno Durán;Marlos;1.0;0.0;0.0;0.0;0.0;0.0;0.0;0.0;0.0;1.0;0.0;0.0;0.0;0.0;0.0;0.0;1.0;0.0
85586;Jonas Gomes de Sousa;Jonas;1.0;0.0;0.0;0.0;0.0;0.0;0.0;0.0;0.0;0.0;1.0;0.0;0.0;0.0;0.0;0.0;0.0;0.0
49673;Júlio César Jacobi;Júlio César;0.0;0.0;0.0;1.0;0.0;1.0;1.0;0.0;2.0;0.0;2.0;0.0;0.0;0.0;0.0;0.0;0.0;0.0
101594;Hugo Moura Arruda da Silva;Hugo Moura;0.0;0.0;0.0;0.0;0.0;0.0;0.0;0.0;0.0;0.0;0.0;0.0;0.0;0.0;0.0;0.0;0.0;0.0
101597;Ramon Ramos Lima;Ramon;0.0;0.0;0.0;0.0;0.0;0.0;0.0;0.0;0.0;0.0;0.0;0.0;0.0;0.0;0.0;0.0;0.0;0.0
40006;Abel Carlos da Silva Braga;Abel Braga;0.0;0.0;0.0;0.0;0.0;0.0;0.0;0.0;0.0;0.0;0.0;0.0;0.0;0.0;0.0;0.0;0.0;0.0
78478;Willian Souza Arão da Silva;Willian Arão;6.0;4.0;0.0;1.0;0.0;0.0;0.0;0.0;0.0;0.0;7.0;0.0;0.0;0.0;0.0;0.0;0.0;0.0
81845;Alisson Euler de Freitas Castro;Alisson;1.0;0.0;0.0;0.0;0.0;0.0;0.0;0.0;0.0;0.0;2.0;0.0;0.0;2.0;2.0;0.0;0.0;0.0
63082;Rodolfo Alves de Melo;Rodolfo;0.0;0.0;0.0;0.0;0.0;0.0;0.0;0.0;0.0;0.0;0.0;0.0;0.0;0.0;0.0;0.0;0.0;0.0
61985;Airton Ribeiro Santos;Airton;0.0;0.0;0.0;0.0;0.0;0.0;0.0;0.0;0.0;0.0;0.0;0.0;0.0;0.0;0.0;0.0;0.0;0.0
68827;Renato de Araújo Chaves Júnior;Renato Chaves;4.0;3.0;0.0;1.0;0.0;1.0;0.0;0.0;0.0;1.0;5.0;0.0;0.0;0.0;0.0;0.0;0.0;0.0
80188;Marcos Junio Lima dos Santos;Marcos Junior;1.0;1.0;0.0;0.0;0.0;0.0;0.0;0.0;0.0;2.0;2.0;0.0;0.0;0.0;0.0;0.0;0.0;0.0
97528;Wesley Frazan Bernardo;Frazan;2.0;3.0;0.0;0.0;0.0;1.0;0.0;0.0;0.0;1.0;2.0;0.0;0.0;0.0;0.0;0.0;0.0;0.0
69177;Leonardo Moreira Morais;Léo;0.0;0.0;0.0;0.0;0.0;0.0;0.0;0.0;0.0;0.0;0.0;0.0;0.0;0.0;0.0;0.0;0.0;0.0
38738;Douglas dos Santos;Douglas;0.0;0.0;0.0;0.0;0.0;0.0;0.0;0.0;0.0;0.0;0.0;0.0;0.0;0.0;0.0;0.0;0.0;0.0
70916;Diogo Barbosa Mendanha;Diogo Barbosa;5.0;4.0;0.0;1.0;0.0;1.0;0.0;0.0;0.0;0.0;7.0;1.0;0.0;0.0;0.0;0.0;0.0;0.0
68887;Welington Pereira Rodrigues;Gum;1.0;3.0;0.0;0.0;0.0;1.0;0.0;0.0;0.0;1.0;5.0;1.0;0.0;0.0;1.0;0.0;0.0;0.0
86757;Everton Sousa Soares;Everton;2.0;1.0;0.0;0.0;0.0;0.0;0.0;0.0;0.0;2.0;1.0;1.0;0.0;3.0;4.0;0.0;0.0;0.0
80313;Gilberto Moraes Júnior;Gilberto ;1.0;3.0;0.0;0.0;1.0;1.0;0.0;0.0;0.0;0.0;4.0;0.0;0.0;0.0;0.0;0.0;0.0;0.0
87877;Júnior Nazareno Sornoza Moreira;Sornoza;4.0;2.0;0.0;0.0;0.0;0.0;0.0;0.0;0.0;2.0;7.0;0.0;0.0;2.0;0.0;0.0;0.0;0.0
86711;Richard Cândido Coelho;Richard;7.0;1.0;0.0;0.0;0.0;0.0;0.0;0.0;0.0;4.0;2.0;0.0;0.0;0.0;1.0;1.0;0.0;0.0
86444;Pablo Dyego da Silva Rosa;Pablo Dyego;1.0;1.0;0.0;0.0;0.0;0.0;0.0;0.0;0.0;4.0;5.0;0.0;0.0;1.0;1.0;0.0;0.0;0.0
85004;Marcos Felipe de Freitas Monteiro;Marcos Felipe ;0.0;0.0;0.0;0.0;0.0;0.0;0.0;0.0;0.0;0.0;0.0;0.0;0.0;0.0;0.0;0.0;0.0;0.0
86759;Luan Guilherme de Jesus Vieira;Luan;1.0;1.0;0.0;0.0;0.0;0.0;0.0;0.0;0.0;3.0;5.0;0.0;1.0;1.0;4.0;0.0;0.0;0.0
87008;Leonardo Cesar Jardim;Léo;0.0;0.0;0.0;0.0;0.0;0.0;0.0;0.0;0.0;0.0;0.0;0.0;0.0;0.0;0.0;0.0;0.0;0.0
92497;Douglas Augusto Soares Gomes;Douglas;0.0;0.0;0.0;0.0;0.0;0.0;0.0;0.0;0.0;0.0;0.0;0.0;0.0;0.0;0.0;0.0;0.0;0.0
86973;Leonardo Gomes da Conceição Silva;Leonardo;0.0;0.0;0.0;0.0;0.0;0.0;0.0;0.0;0.0;0.0;0.0;0.0;0.0;0.0;0.0;0.0;0.0;0.0
92197;Guillermo Rafael de Amores Ravelo;De Amores;0.0;0.0;0.0;0.0;0.0;0.0;0.0;0.0;0.0;0.0;0.0;0.0;0.0;0.0;0.0;0.0;0.0;0.0
91706;Marlon Rodrigues Xavier;Marlon;0.0;0.0;0.0;0.0;0.0;0.0;0.0;0.0;0.0;0.0;0.0;0.0;0.0;0.0;0.0;0.0;0.0;0.0
88393;Ayrton Lucas Dantas de Medeiros;Ayrton Lucas;4.0;2.0;0.0;0.0;0.0;1.0;0.0;0.0;0.0;8.0;2.0;0.0;0.0;0.0;1.0;0.0;0.0;0.0
94336;Mateus Norton Gomes Chaves;Mateus Norton;0.0;0.0;0.0;0.0;0.0;0.0;0.0;0.0;0.0;0.0;0.0;0.0;0.0;0.0;0.0;0.0;0.0;0.0
82626;Thales Natanael Lira de Matos;Thales ;0.0;0.0;0.0;0.0;0.0;0.0;0.0;0.0;0.0;0.0;0.0;0.0;0.0;0.0;0.0;0.0;0.0;0.0
80393;Fábio Gonçalves;Fabinho;0.0;0.0;0.0;0.0;0.0;0.0;0.0;0.0;0.0;0.0;0.0;0.0;0.0;0.0;0.0;0.0;0.0;0.0
87342;Walter Kannemann;Kannemann;2.0;2.0;0.0;0.0;1.0;1.0;0.0;0.0;0.0;1.0;2.0;0.0;0.0;0.0;0.0;0.0;0.0;0.0
83433;Patrick Bezerra do Nascimento;Patrick;8.0;6.0;0.0;0.0;0.0;0.0;0.0;0.0;0.0;5.0;5.0;1.0;0.0;0.0;1.0;0.0;0.0;0.0
93790;Marlon Rodrigues Freitas;Marlon Freitas;0.0;0.0;0.0;0.0;0.0;0.0;0.0;0.0;0.0;0.0;0.0;0.0;0.0;0.0;0.0;0.0;0.0;0.0
95263;Lucas Henrique dos Santos;Luquinhas;0.0;0.0;0.0;0.0;0.0;0.0;0.0;0.0;0.0;0.0;0.0;0.0;0.0;0.0;0.0;0.0;0.0;0.0
81798;Rosicley Pereira da Silva;Rossi;0.0;0.0;0.0;0.0;0.0;0.0;0.0;0.0;0.0;1.0;0.0;0.0;0.0;0.0;0.0;0.0;0.0;0.0
94583;Pedro Guilherme Abreu dos Santos;Pedro;0.0;5.0;0.0;1.0;0.0;0.0;0.0;0.0;0.0;2.0;2.0;1.0;0.0;2.0;1.0;1.0;0.0;0.0
97452;Marcos Vinícius Silva Rocha Calazans;Marcos Calazans;0.0;0.0;0.0;0.0;0.0;0.0;0.0;0.0;0.0;0.0;0.0;0.0;0.0;0.0;0.0;0.0;0.0;0.0
84709;Nicolás Federico López Alonso;Nico López;1.0;0.0;0.0;0.0;0.0;0.0;0.0;0.0;0.0;1.0;8.0;0.0;0.0;1.0;2.0;2.0;1.0;0.0
97527;Matheus Alessandro dos Santos Pereira;Matheus Alessandro;0.0;0.0;0.0;0.0;0.0;0.0;0.0;0.0;0.0;0.0;0.0;0.0;0.0;0.0;0.0;0.0;0.0;0.0
99574;Robson Azevedo da Silva;Robinho;0.0;0.0;0.0;0.0;0.0;0.0;0.0;0.0;0.0;0.0;0.0;0.0;0.0;0.0;0.0;0.0;0.0;0.0
88368;Gabriel Dias de Oliveira;Gabriel Dias;1.0;2.0;0.0;0.0;0.0;0.0;0.0;0.0;0.0;3.0;1.0;0.0;0.0;0.0;0.0;0.0;0.0;0.0
97803;Roger Ibañez da Silva;Ibañez;2.0;0.0;0.0;0.0;0.0;0.0;0.0;0.0;0.0;0.0;1.0;0.0;0.0;0.0;0.0;0.0;0.0;0.0
101603;João Vitor Marques Matos;João Vitor;0.0;0.0;0.0;0.0;0.0;0.0;0.0;0.0;0.0;0.0;0.0;0.0;0.0;0.0;0.0;0.0;0.0;0.0
101601;Caio Vinicius da Conceição;Caio;0.0;0.0;0.0;0.0;0.0;0.0;0.0;0.0;0.0;0.0;0.0;0.0;0.0;0.0;0.0;0.0;0.0;0.0
102384;Lucas Ribeiro De Oliveira;Macula;0.0;0.0;0.0;0.0;0.0;0.0;0.0;0.0;0.0;0.0;0.0;0.0;0.0;0.0;0.0;0.0;0.0;0.0
101627;Luiz Eduardo Teodora da Silva;Dudu;0.0;0.0;0.0;0.0;0.0;0.0;0.0;0.0;0.0;0.0;0.0;0.0;0.0;0.0;0.0;0.0;0.0;0.0
90846;Willian Klaus;Klaus;1.0;1.0;0.0;0.0;0.0;0.0;0.0;0.0;0.0;0.0;1.0;0.0;0.0;0.0;0.0;0.0;0.0;0.0
93834;Keiller da Silva Nunes;Keiller;0.0;0.0;0.0;0.0;0.0;0.0;0.0;0.0;0.0;0.0;0.0;0.0;0.0;0.0;0.0;0.0;0.0;0.0
37701;Leonardo da Silva Moura;Léo Moura;2.0;1.0;0.0;0.0;0.0;2.0;0.0;0.0;0.0;4.0;1.0;0.0;0.0;0.0;0.0;0.0;0.0;0.0
92273;Odair Hellmann;Odair Hellmann;0.0;0.0;0.0;0.0;0.0;0.0;0.0;0.0;0.0;0.0;0.0;0.0;0.0;0.0;0.0;0.0;0.0;0.0
37688;Cícero Santos;Cícero;1.0;0.0;0.0;0.0;0.0;0.0;0.0;0.0;0.0;1.0;3.0;0.0;0.0;1.0;0.0;0.0;0.0;0.0
99425;Felipe Souza Moreno Sampaio;Felipe;0.0;0.0;0.0;0.0;0.0;0.0;0.0;0.0;0.0;0.0;0.0;0.0;0.0;0.0;0.0;0.0;0.0;0.0
96468;Daniel de Sousa Brito;Daniel;0.0;0.0;0.0;0.0;0.0;0.0;0.0;0.0;0.0;0.0;0.0;0.0;0.0;0.0;0.0;0.0;0.0;0.0
90458;Márcio Augusto da Silva Barbosa;Marcinho;0.0;0.0;0.0;0.0;0.0;0.0;0.0;0.0;0.0;0.0;0.0;0.0;0.0;0.0;0.0;0.0;0.0;0.0
97133;Luis Eduardo Marques Dos Santos;Dudu;0.0;0.0;0.0;0.0;0.0;0.0;0.0;0.0;0.0;0.0;0.0;0.0;0.0;0.0;0.0;0.0;0.0;0.0
98593;Ronald Sant'anna Rodrigues;Ronald;0.0;0.0;0.0;0.0;0.0;0.0;0.0;0.0;0.0;0.0;0.0;0.0;0.0;0.0;0.0;0.0;0.0;0.0
38196;Maicon Thiago Pereira de Souza;Maicon;2.0;2.0;0.0;0.0;0.0;0.0;0.0;0.0;0.0;2.0;3.0;0.0;0.0;1.0;0.0;0.0;0.0;0.0
85931;Hyoran Kaue Dalmoro;Hyoran;0.0;0.0;0.0;0.0;0.0;0.0;0.0;0.0;0.0;0.0;0.0;0.0;0.0;0.0;0.0;0.0;0.0;0.0
96342;Charles Rigon Matos;Charles;0.0;0.0;0.0;0.0;0.0;0.0;0.0;0.0;0.0;0.0;0.0;0.0;0.0;0.0;0.0;0.0;0.0;0.0
98595;Juan Matheus Alano Nascimento;Juan Alano;0.0;0.0;0.0;0.0;0.0;0.0;0.0;0.0;0.0;0.0;0.0;0.0;0.0;0.0;0.0;0.0;0.0;0.0
37851;Maicosuel Reginaldo de Matos;Maicosuel;0.0;0.0;0.0;0.0;0.0;0.0;0.0;0.0;0.0;0.0;0.0;0.0;0.0;0.0;0.0;0.0;0.0;0.0
37770;Marcelo Grohe;Marcelo Grohe;0.0;0.0;0.0;0.0;0.0;2.0;2.0;0.0;0.0;0.0;1.0;0.0;0.0;0.0;0.0;0.0;0.0;0.0
100598;Fernando José Freitas Maciel;Fernandinho;0.0;0.0;0.0;0.0;0.0;0.0;0.0;0.0;0.0;0.0;0.0;0.0;0.0;0.0;0.0;0.0;0.0;0.0
97868;Iago Amaral Borduchi;Iago;6.0;3.0;0.0;1.0;0.0;1.0;0.0;0.0;0.0;2.0;7.0;0.0;0.0;0.0;0.0;0.0;0.0;0.0
87470;Thaciano Mickael da Silva;Thaciano;0.0;0.0;0.0;0.0;0.0;0.0;0.0;0.0;0.0;0.0;0.0;0.0;0.0;0.0;0.0;0.0;0.0;0.0
97783;Ruan Gregório Teixeira;Ruan;0.0;0.0;0.0;0.0;0.0;0.0;0.0;0.0;0.0;0.0;0.0;0.0;0.0;0.0;0.0;0.0;0.0;0.0
101857;Brenner Alves Sabino;Brenner;0.0;0.0;0.0;1.0;0.0;0.0;0.0;0.0;0.0;1.0;0.0;0.0;0.0;1.0;0.0;0.0;0.0;0.0
89227;Ânderson Balbino Assis;Balbino;0.0;0.0;0.0;0.0;0.0;0.0;0.0;0.0;0.0;0.0;0.0;0.0;0.0;0.0;0.0;0.0;0.0;0.0
90290;Jaílson Marques Siqueira;Jailson;1.0;0.0;0.0;0.0;0.0;0.0;0.0;0.0;0.0;1.0;0.0;0.0;0.0;0.0;0.0;0.0;0.0;0.0
90532;Arthur Henrique Ramos de Oliveira Melo;Arthur;6.0;1.0;0.0;0.0;0.0;0.0;0.0;0.0;0.0;9.0;2.0;0.0;0.0;0.0;0.0;0.0;0.0;0.0
91201;Eduardo Gabriel Aquino Cossa;Pepê;0.0;0.0;0.0;0.0;0.0;0.0;0.0;0.0;0.0;0.0;0.0;0.0;0.0;0.0;0.0;0.0;0.0;0.0
95622;Marcus Vinicius Aredes Duarte;Vico;0.0;0.0;0.0;0.0;0.0;0.0;0.0;0.0;0.0;0.0;0.0;0.0;0.0;0.0;0.0;0.0;0.0;0.0
37607;Michel Fernandes Bastos;Michel Bastos;0.0;0.0;0.0;0.0;0.0;0.0;0.0;0.0;0.0;0.0;0.0;0.0;0.0;0.0;0.0;0.0;0.0;0.0
50328;Marcelo Oliveira Ferreira;Marcelo Oliveira;0.0;0.0;0.0;0.0;0.0;0.0;0.0;0.0;0.0;0.0;0.0;0.0;0.0;0.0;0.0;0.0;0.0;0.0
102063;Richard Alexandre Birkhuen Rodrigues;Richard;0.0;0.0;0.0;0.0;0.0;0.0;0.0;0.0;0.0;0.0;0.0;0.0;0.0;0.0;0.0;0.0;0.0;0.0
37657;Eduardo Luís Abonizio de Souza;Edu Dracena;0.0;0.0;0.0;0.0;0.0;1.0;0.0;0.0;0.0;2.0;0.0;0.0;0.0;0.0;0.0;0.0;0.0;0.0
92617;Leonardo Costa Silva;Léo Tilica;0.0;0.0;0.0;0.0;0.0;0.0;0.0;0.0;0.0;0.0;0.0;0.0;0.0;0.0;0.0;0.0;0.0;0.0
41929;Renato Portaluppi;Renato Gaúcho;0.0;0.0;0.0;0.0;0.0;0.0;0.0;0.0;0.0;0.0;0.0;0.0;0.0;0.0;0.0;0.0;0.0;0.0
92574;Kaio Silva Mendes;Kaio;0.0;0.0;0.0;0.0;0.0;0.0;0.0;0.0;0.0;0.0;0.0;0.0;0.0;0.0;0.0;0.0;0.0;0.0
38545;Felipe Melo de Carvalho;Felipe Melo;4.0;3.0;0.0;1.0;0.0;0.0;0.0;0.0;0.0;0.0;11.0;0.0;0.0;0.0;0.0;0.0;0.0;0.0
96340;Vinicius Moreira de Lima;Lima;0.0;0.0;0.0;0.0;0.0;0.0;0.0;0.0;0.0;0.0;0.0;0.0;0.0;0.0;0.0;0.0;0.0;0.0
71572;Gabriel Rybar Blos;Gabriel;0.0;0.0;0.0;0.0;0.0;0.0;0.0;0.0;0.0;0.0;0.0;0.0;0.0;0.0;0.0;0.0;0.0;0.0
68817;Jonathan Doin;Paulo Miranda;1.0;2.0;0.0;0.0;0.0;1.0;0.0;0.0;0.0;1.0;3.0;0.0;0.0;0.0;0.0;0.0;0.0;0.0
68873;Paulo Victor Mileo Vidotti;Paulo Victor;0.0;0.0;0.0;0.0;0.0;0.0;0.0;0.0;0.0;0.0;0.0;0.0;0.0;0.0;0.0;0.0;0.0;0.0
71818;Bruno Medeiros Grassi;Bruno Grassi;0.0;0.0;0.0;0.0;0.0;0.0;0.0;0.0;0.0;0.0;0.0;0.0;0.0;0.0;0.0;0.0;0.0;0.0
62047;Jean Raphael Vanderlei Moreira;Jean;0.0;0.0;0.0;0.0;0.0;0.0;0.0;0.0;0.0;0.0;0.0;0.0;0.0;0.0;0.0;0.0;0.0;0.0
38140;Fernando Buttenbender Prass;Fernando Prass;0.0;0.0;0.0;0.0;0.0;0.0;0.0;0.0;0.0;0.0;0.0;0.0;0.0;0.0;0.0;0.0;0.0;0.0
68690;André Felipe Ribeiro de Souza;André;1.0;6.0;0.0;1.0;0.0;0.0;0.0;0.0;0.0;4.0;8.0;0.0;0.0;2.0;1.0;1.0;5.0;0.0
63158;Moisés Lima Magalhães;Moisés;2.0;1.0;0.0;0.0;0.0;0.0;0.0;0.0;0.0;0.0;4.0;0.0;0.0;0.0;0.0;0.0;0.0;0.0
63013;Marcos Luis Rocha Aquino;Marcos Rocha;5.0;3.0;0.0;1.0;0.0;1.0;0.0;0.0;0.0;0.0;10.0;0.0;0.0;0.0;0.0;0.0;0.0;0.0
42116;Willian Gomes de Siqueira;Willian;0.0;3.0;0.0;0.0;0.0;0.0;0.0;0.0;0.0;1.0;1.0;0.0;0.0;3.0;0.0;0.0;0.0;0.0
94931;Lucas Fernandes da Silva;Lucas Fernandes;1.0;1.0;0.0;0.0;0.0;0.0;0.0;0.0;0.0;1.0;1.0;0.0;0.0;2.0;0.0;0.0;0.0;0.0
71920;Michel Ferreira dos Santos;Michel;1.0;0.0;0.0;0.0;0.0;0.0;0.0;0.0;0.0;0.0;0.0;0.0;0.0;0.0;0.0;0.0;0.0;0.0
72491;Matheus Simonete Bressanelli;Bressan;1.0;1.0;0.0;0.0;0.0;2.0;0.0;0.0;0.0;1.0;1.0;0.0;0.0;0.0;0.0;0.0;0.0;0.0
72386;Hernane Vidal Souza;Hernane;0.0;0.0;0.0;0.0;0.0;0.0;0.0;0.0;0.0;0.0;0.0;0.0;0.0;0.0;0.0;0.0;0.0;0.0
68920;Eduardo Pereira Rodrigues;Dudu;1.0;2.0;0.0;1.0;0.0;0.0;0.0;0.0;0.0;4.0;8.0;1.0;0.0;1.0;0.0;1.0;0.0;0.0
78077;Madson Ferreira dos Santos;Madson;0.0;0.0;0.0;0.0;0.0;0.0;0.0;0.0;0.0;0.0;0.0;0.0;0.0;0.0;0.0;0.0;0.0;0.0
72079;Bruno Cortês Barbosa;Bruno Cortez;6.0;2.0;0.0;0.0;0.0;2.0;0.0;0.0;0.0;4.0;6.0;0.0;0.0;0.0;0.0;0.0;0.0;0.0
70944;Bruno Henrique Corsini;Bruno Henrique;5.0;4.0;0.0;1.0;0.0;0.0;0.0;0.0;0.0;2.0;3.0;0.0;0.0;0.0;1.0;0.0;0.0;0.0
86485;Marcos da Silva França;Keno;6.0;4.0;0.0;0.0;0.0;0.0;0.0;0.0;0.0;7.0;11.0;0.0;0.0;1.0;0.0;0.0;0.0;0.0
86410;Victor Luis Chuab Zamblauskas;Victor Luis;0.0;0.0;0.0;0.0;0.0;0.0;0.0;0.0;0.0;0.0;0.0;0.0;0.0;0.0;0.0;0.0;0.0;0.0
72290;Jailson Marcelino dos Santos;Jailson;0.0;0.0;0.0;0.0;0.0;1.0;5.0;0.0;1.0;0.0;3.0;0.0;0.0;0.0;0.0;0.0;0.0;0.0
86120;Miguel Angel Borja Hernandez;Borja;3.0;3.0;0.0;0.0;0.0;0.0;0.0;0.0;0.0;1.0;3.0;0.0;0.0;0.0;6.0;0.0;0.0;0.0
78715;Ramiro Moschen Benetti;Ramiro;5.0;4.0;0.0;2.0;0.0;0.0;0.0;0.0;0.0;3.0;4.0;0.0;0.0;0.0;1.0;0.0;1.0;0.0
71631;Weverton Pereira da Silva;Weverton;0.0;0.0;0.0;0.0;0.0;0.0;0.0;0.0;0.0;0.0;0.0;0.0;0.0;0.0;0.0;0.0;0.0;0.0
92182;José Carlos Ferreira Júnior;Juninho;0.0;0.0;0.0;0.0;0.0;0.0;0.0;0.0;0.0;0.0;0.0;0.0;0.0;0.0;0.0;0.0;0.0;0.0
86686;Danilo das Neves Pinheiro;Tchê Tchê;0.0;0.0;0.0;0.0;0.0;0.0;0.0;0.0;0.0;0.0;0.0;0.0;0.0;0.0;0.0;0.0;0.0;0.0
86972;Emerson Raymundo Santos;Emerson Santos;0.0;0.0;0.0;0.0;0.0;0.0;0.0;0.0;0.0;0.0;0.0;0.0;0.0;0.0;0.0;0.0;0.0;0.0
78855;Thiago dos Santos;Thiago Santos;0.0;0.0;0.0;0.0;0.0;0.0;0.0;0.0;0.0;0.0;0.0;0.0;0.0;0.0;0.0;0.0;0.0;0.0
74213;Alejandro Abraham Guerra Morales;Guerra;1.0;4.0;0.0;0.0;0.0;0.0;0.0;0.0;0.0;1.0;4.0;0.0;0.0;0.0;1.0;1.0;0.0;0.0
80583;Lucas Rafael Araujo Lima;Lucas Lima;2.0;4.0;0.0;0.0;0.0;0.0;0.0;0.0;0.0;1.0;1.0;0.0;1.0;0.0;0.0;0.0;0.0;0.0
79702;Antônio Carlos Cunha Capocasali Júnior;Antônio Carlos ;1.0;1.0;0.0;0.0;0.0;1.0;0.0;0.0;0.0;1.0;3.0;0.0;0.0;0.0;0.0;0.0;0.0;0.0
92708;Deyverson Brum Silva Acosta;Deyverson;1.0;0.0;0.0;0.0;0.0;0.0;0.0;0.0;0.0;0.0;2.0;0.0;0.0;0.0;0.0;0.0;0.0;0.0
95799;Artur Victor Guimarães;Artur;0.0;0.0;0.0;0.0;0.0;0.0;0.0;0.0;0.0;0.0;0.0;0.0;0.0;0.0;0.0;0.0;0.0;0.0
79437;Roger Machado Marques;Roger Machado ;0.0;0.0;0.0;0.0;0.0;0.0;0.0;0.0;0.0;0.0;0.0;0.0;0.0;0.0;0.0;0.0;0.0;0.0
95936;Daniel Cerântula Fuzato;Daniel Fuzato;0.0;0.0;0.0;0.0;0.0;0.0;0.0;0.0;0.0;0.0;0.0;0.0;0.0;0.0;0.0;0.0;0.0;0.0
80692;Luan Garcia Teixeira;Luan;0.0;0.0;0.0;0.0;0.0;0.0;0.0;0.0;0.0;0.0;0.0;0.0;0.0;0.0;0.0;0.0;0.0;0.0
93146;Yan Matheus Santos Souza;Yan;0.0;0.0;0.0;0.0;0.0;0.0;0.0;0.0;0.0;0.0;0.0;0.0;0.0;0.0;0.0;0.0;0.0;0.0
97900;Vitor Eduardo da Silva Matos;Vitão;0.0;0.0;0.0;0.0;0.0;0.0;0.0;0.0;0.0;0.0;0.0;0.0;0.0;0.0;0.0;0.0;0.0;0.0
99878;Leonardo Da Silva Passos;Léo Passos;0.0;0.0;0.0;0.0;0.0;0.0;0.0;0.0;0.0;0.0;0.0;0.0;0.0;0.0;0.0;0.0;0.0;0.0
100322;Pedro Henrique de Oliveira Correira;Pedrão;0.0;0.0;0.0;0.0;0.0;0.0;0.0;0.0;0.0;0.0;0.0;0.0;0.0;0.0;0.0;0.0;0.0;0.0
81150;Mayke Rocha de Oliveira;Mayke;0.0;0.0;0.0;0.0;0.0;0.0;0.0;0.0;0.0;0.0;0.0;0.0;0.0;0.0;0.0;0.0;0.0;0.0
83615;Thiago Martins Bueno;Thiago Martins;0.0;1.0;0.0;0.0;0.0;0.0;0.0;0.0;0.0;0.0;2.0;0.0;0.0;0.0;0.0;0.0;0.0;0.0
97322;Gabriel Vinícius de Oliveira Furtado;Gabriel Furtado;0.0;0.0;0.0;0.0;0.0;0.0;0.0;0.0;0.0;0.0;0.0;0.0;0.0;0.0;0.0;0.0;0.0;0.0
100695;Fernando dos Santos Pedro;Fernando;0.0;0.0;0.0;0.0;0.0;0.0;0.0;0.0;0.0;0.0;0.0;0.0;0.0;0.0;0.0;0.0;0.0;0.0
50369;Carlos Eduardo Marques;Carlos Eduardo;1.0;0.0;0.0;0.0;0.0;0.0;0.0;0.0;0.0;2.0;3.0;0.0;0.0;0.0;1.0;0.0;0.0;0.0
100849;Guilherme Vieira;Guilherme Vieira;0.0;0.0;0.0;0.0;0.0;0.0;0.0;0.0;0.0;0.0;0.0;0.0;0.0;0.0;0.0;0.0;0.0;0.0
100846;Lucas Esteves de Souza;Esteves;0.0;0.0;0.0;0.0;0.0;0.0;0.0;0.0;0.0;0.0;0.0;0.0;0.0;0.0;0.0;0.0;0.0;0.0
102302;Rafael Elias da Silva;Papagaio;0.0;0.0;0.0;0.0;0.0;0.0;0.0;0.0;0.0;0.0;0.0;0.0;0.0;0.0;0.0;0.0;0.0;0.0
60859;Jael Ferreira Vieira;Jael;0.0;0.0;0.0;0.0;0.0;0.0;0.0;0.0;0.0;0.0;1.0;0.0;0.0;0.0;0.0;0.0;0.0;0.0
100848;Luan Cândido de Almeida;Luan Cândido;0.0;0.0;0.0;0.0;0.0;0.0;0.0;0.0;0.0;0.0;0.0;0.0;0.0;0.0;0.0;0.0;0.0;0.0
70526;Mário Rogério Reis Micale ;Rogério Micale;0.0;0.0;0.0;0.0;0.0;0.0;0.0;0.0;0.0;0.0;0.0;0.0;0.0;0.0;0.0;0.0;0.0;0.0
73413;Luis Carlos Dallastella;Luis Carlos;0.0;0.0;0.0;0.0;0.0;0.0;0.0;0.0;2.0;0.0;0.0;0.0;0.0;0.0;0.0;0.0;0.0;0.0
100847;Aníbal Gabriel Vega da Silva;Aníbal;0.0;0.0;0.0;0.0;0.0;0.0;0.0;0.0;0.0;0.0;0.0;0.0;0.0;0.0;0.0;0.0;0.0;0.0
100845;Alan de Souza Guimarães;Alanzinho;0.0;0.0;0.0;0.0;0.0;0.0;0.0;0.0;0.0;0.0;0.0;0.0;0.0;0.0;0.0;0.0;0.0;0.0
79064;Guilherme Bitencourt da Silva;Guilherme Biteco;0.0;0.0;0.0;0.0;0.0;0.0;0.0;0.0;0.0;0.0;0.0;0.0;0.0;0.0;0.0;0.0;0.0;0.0
73414;Thiago Rodrigues de Oliveira Nogueira;Thiago Rodrigues;0.0;0.0;0.0;0.0;0.0;0.0;0.0;0.0;0.0;0.0;0.0;0.0;0.0;0.0;0.0;0.0;0.0;0.0
73703;Jorge Daniel González Marquet;Torito González;0.0;0.0;0.0;0.0;0.0;0.0;0.0;0.0;0.0;0.0;0.0;0.0;0.0;0.0;0.0;0.0;0.0;0.0
63208;José Luis dos Santos Pinto;Zezinho;0.0;0.0;0.0;0.0;0.0;0.0;0.0;0.0;0.0;0.0;0.0;0.0;0.0;0.0;0.0;0.0;0.0;0.0
73766;Diego Vicente Aguirre Camblor;Diego Aguirre;0.0;0.0;0.0;0.0;0.0;0.0;0.0;0.0;0.0;0.0;0.0;0.0;0.0;0.0;0.0;0.0;0.0;0.0
79553;Joeliton Lima Santos;Mansur;4.0;4.0;0.0;0.0;0.0;0.0;0.0;0.0;0.0;3.0;6.0;0.0;1.0;1.0;0.0;0.0;0.0;0.0
98832;Jean Pyerre Casagrande Silveira Correa;Jean Pyerre;0.0;0.0;0.0;0.0;0.0;0.0;0.0;0.0;0.0;0.0;0.0;0.0;0.0;0.0;0.0;0.0;0.0;0.0
84310;Luan Viana Patrocinio;Luan Viana;0.0;0.0;0.0;0.0;0.0;0.0;0.0;0.0;0.0;0.0;0.0;0.0;0.0;0.0;0.0;0.0;0.0;0.0
83786;Hueglo Neris dos Santos;Neris;0.0;0.0;0.0;0.0;0.0;0.0;0.0;0.0;0.0;0.0;0.0;0.0;0.0;0.0;0.0;0.0;0.0;0.0
98215;Estevão Renato Pereira Júnior;Estevão;0.0;0.0;0.0;0.0;0.0;0.0;0.0;0.0;0.0;0.0;0.0;0.0;0.0;0.0;0.0;0.0;0.0;0.0
99628;Ezequiel Gonzalo Esperon;Esperon;0.0;0.0;0.0;0.0;0.0;0.0;0.0;0.0;0.0;0.0;0.0;0.0;0.0;0.0;0.0;0.0;0.0;0.0
85465;Alex Paulo Menezes Santana;Alex Santana;0.0;0.0;0.0;0.0;0.0;0.0;0.0;0.0;0.0;0.0;0.0;0.0;0.0;0.0;0.0;0.0;0.0;0.0
100651;Rodrygo Silva de Goes;Rodrygo;1.0;3.0;0.0;0.0;0.0;0.0;0.0;0.0;0.0;2.0;3.0;0.0;0.0;1.0;1.0;1.0;0.0;0.0
88388;José Rafael do Nascimento Santos;Rafael;0.0;0.0;0.0;0.0;0.0;0.0;0.0;0.0;0.0;0.0;0.0;0.0;0.0;0.0;0.0;0.0;0.0;0.0
99629;Jadson Ailton Oliveira Da Silva Vale;Jadson;0.0;0.0;0.0;0.0;0.0;0.0;0.0;0.0;0.0;0.0;0.0;0.0;0.0;0.0;0.0;0.0;0.0;0.0
100741;Guilherme Alecsander Guedes;Guilherme Guedes;0.0;0.0;0.0;0.0;0.0;0.0;0.0;0.0;0.0;0.0;0.0;0.0;0.0;0.0;0.0;0.0;0.0;0.0
88687;Leandro Vilela Sales Teixeira;Leandro Vilela;3.0;3.0;0.0;1.0;0.0;0.0;0.0;0.0;0.0;2.0;1.0;0.0;0.0;0.0;1.0;0.0;0.0;0.0
73923;Rayan Poltronieri Pereira;Rayan;1.0;0.0;0.0;0.0;0.0;0.0;0.0;0.0;0.0;1.0;1.0;0.0;0.0;1.0;1.0;0.0;2.0;0.0
99834;Dionathã da Silva;Dionathã;0.0;0.0;0.0;0.0;0.0;0.0;0.0;0.0;0.0;0.0;0.0;0.0;0.0;0.0;0.0;0.0;0.0;0.0
99918;Patrick Machado Ferreira ;Patrick;0.0;0.0;0.0;0.0;0.0;0.0;0.0;0.0;0.0;0.0;0.0;0.0;0.0;0.0;0.0;0.0;0.0;0.0
89370;Felipe Augusto Ferreira Batista;Felipe Augusto;0.0;0.0;0.0;0.0;0.0;0.0;0.0;0.0;0.0;0.0;0.0;0.0;0.0;0.0;0.0;0.0;0.0;0.0
78851;Richard de Oliveira da Costa;Richard;0.0;0.0;0.0;0.0;0.0;0.0;2.0;0.0;3.0;1.0;0.0;0.0;0.0;0.0;0.0;0.0;0.0;0.0
100742;Matheus Henrique de Souza;Matheus Henrique;0.0;0.0;0.0;0.0;0.0;0.0;0.0;0.0;0.0;0.0;0.0;0.0;0.0;0.0;0.0;0.0;0.0;0.0
90370;Matheus Pereira da Silva;Matheus Pereira;2.0;0.0;0.0;0.0;0.0;0.0;0.0;0.0;0.0;0.0;1.0;0.0;0.0;0.0;0.0;0.0;0.0;0.0
84187;Charles Luis Reiter;Charles;0.0;0.0;0.0;0.0;0.0;0.0;0.0;0.0;0.0;0.0;0.0;0.0;0.0;0.0;0.0;0.0;0.0;0.0
90540;Diego Gonçalves;Diego;2.0;0.0;0.0;0.0;0.0;0.0;0.0;0.0;0.0;0.0;5.0;0.0;0.0;0.0;0.0;0.0;0.0;0.0
100839;Ericson da Silva;Ericson;0.0;0.0;0.0;0.0;0.0;0.0;0.0;0.0;0.0;0.0;0.0;0.0;0.0;0.0;0.0;0.0;0.0;0.0
100830;Brenno Oliveira Fraga Costa;Brenno;0.0;0.0;0.0;0.0;0.0;0.0;0.0;0.0;0.0;0.0;0.0;0.0;0.0;0.0;0.0;0.0;0.0;0.0
100842;Ruan Tressoldi Netto;Ruan;0.0;0.0;0.0;0.0;0.0;0.0;0.0;0.0;0.0;0.0;0.0;0.0;0.0;0.0;0.0;0.0;0.0;0.0
90899;Lucas Fernandes;Lucas Fernandes;0.0;0.0;0.0;0.0;0.0;0.0;0.0;0.0;0.0;0.0;0.0;0.0;0.0;0.0;0.0;0.0;0.0;0.0
100840;Emanuel Leone Moura;Emanuel;0.0;0.0;0.0;0.0;0.0;0.0;0.0;0.0;0.0;0.0;0.0;0.0;0.0;0.0;0.0;0.0;0.0;0.0
78866;Thiago dos Santos;Thiago Santos;1.0;2.0;0.0;1.0;0.0;0.0;0.0;0.0;0.0;2.0;0.0;0.0;0.0;0.0;0.0;0.0;1.0;0.0
100652;Yuri Alberto Monteiro da Silva;Yuri Alberto;0.0;0.0;0.0;0.0;0.0;0.0;0.0;0.0;0.0;0.0;0.0;0.0;0.0;0.0;0.0;0.0;0.0;0.0
100800;Emerson Barbosa Rodrigues Dos Santos;Emerson Barbosa;0.0;0.0;0.0;0.0;0.0;0.0;0.0;0.0;0.0;0.0;0.0;0.0;0.0;0.0;0.0;0.0;0.0;0.0
91639;Igor Aquino da Silva;Igor;0.0;0.0;0.0;0.0;0.0;0.0;0.0;0.0;0.0;0.0;0.0;0.0;0.0;0.0;0.0;0.0;0.0;0.0
100746;Matheus Gabriel Guedes Caetano;Matheus Guedes;0.0;0.0;0.0;0.0;0.0;0.0;0.0;0.0;0.0;0.0;0.0;0.0;0.0;0.0;0.0;0.0;0.0;0.0
93005;Vitor Correia da Silva;Vitor Feijão;0.0;0.0;0.0;0.0;0.0;0.0;0.0;0.0;0.0;2.0;0.0;0.0;0.0;1.0;0.0;0.0;0.0;0.0
101579;Robson Alves de Barros;Robson Bambu;0.0;0.0;0.0;0.0;0.0;0.0;0.0;0.0;0.0;0.0;0.0;0.0;0.0;0.0;0.0;0.0;0.0;0.0
92054;Jucimar José Teixeira;Alemão;4.0;5.0;0.0;0.0;0.0;0.0;0.0;0.0;0.0;0.0;7.0;0.0;0.0;1.0;2.0;0.0;0.0;0.0
38913;Anderson Luiz de Carvalho;Nenê;1.0;1.0;0.0;0.0;0.0;0.0;0.0;0.0;0.0;2.0;4.0;0.0;0.0;2.0;1.0;0.0;0.0;0.0
100843;Felipe Albuquerque Felippi;Felipe;0.0;0.0;0.0;0.0;0.0;0.0;0.0;0.0;0.0;0.0;0.0;0.0;0.0;0.0;0.0;0.0;0.0;0.0
101912;Guilherme Nunes da Silva;Guilherme Nunes;0.0;0.0;0.0;0.0;0.0;0.0;0.0;0.0;0.0;0.0;0.0;0.0;0.0;0.0;0.0;0.0;0.0;0.0
101580;Lucas Lourenço Andrade;Lucas Lourenço;0.0;0.0;0.0;0.0;0.0;0.0;0.0;0.0;0.0;0.0;0.0;0.0;0.0;0.0;0.0;0.0;0.0;0.0
93050;Marcelo David Báez Casco;Báez;0.0;1.0;0.0;0.0;0.0;0.0;0.0;0.0;0.0;0.0;0.0;0.0;0.0;0.0;0.0;0.0;0.0;0.0
100844;Lucas Araújo de Oliveira;Lucas Araújo;0.0;0.0;0.0;0.0;0.0;0.0;0.0;0.0;0.0;0.0;0.0;0.0;0.0;0.0;0.0;0.0;0.0;0.0
42499;Bruno Vieira do Nascimento;Bruno;0.0;0.0;0.0;0.0;0.0;0.0;0.0;0.0;0.0;0.0;0.0;0.0;0.0;0.0;0.0;0.0;0.0;0.0
101911;Gabriel Calabres Nunes;Gabriel Calabres;0.0;0.0;0.0;0.0;0.0;0.0;0.0;0.0;0.0;0.0;0.0;0.0;0.0;0.0;0.0;0.0;0.0;0.0
94719;Guilherme de Melo Silva;Minho;0.0;0.0;0.0;0.0;0.0;0.0;0.0;0.0;0.0;0.0;0.0;0.0;0.0;0.0;0.0;0.0;0.0;0.0
50324;Hudson Rodrigues dos Santos;Hudson;6.0;6.0;0.0;0.0;0.0;0.0;0.0;0.0;0.0;3.0;4.0;0.0;0.0;1.0;2.0;0.0;0.0;0.0
101480;Jorge Ambrosio Mendonça;Mendonça;0.0;0.0;0.0;0.0;0.0;0.0;0.0;0.0;0.0;0.0;0.0;0.0;0.0;0.0;0.0;0.0;0.0;0.0
101479;Marco Antonio Saravia Antinori;Marco Saravia;0.0;0.0;0.0;0.0;0.0;0.0;0.0;0.0;0.0;0.0;0.0;0.0;0.0;0.0;0.0;0.0;0.0;0.0
95484;Jhony Douglas Santiago;Jhony;0.0;0.0;0.0;0.0;0.0;0.0;0.0;0.0;0.0;0.0;0.0;0.0;0.0;0.0;0.0;0.0;0.0;0.0
98569;Caio Henrique Oliveira Silva;Caio Henrique;2.0;4.0;0.0;0.0;0.0;0.0;0.0;0.0;0.0;1.0;5.0;0.0;0.0;1.0;2.0;0.0;1.0;0.0
102294;Warley Armentano dos Santos;Warley;0.0;0.0;0.0;0.0;0.0;0.0;0.0;0.0;0.0;0.0;0.0;0.0;0.0;0.0;0.0;0.0;0.0;0.0
96559;Gabriel Pires de Oliveira;Gabriel Pires;0.0;0.0;0.0;0.0;0.0;0.0;0.0;0.0;0.0;0.0;0.0;0.0;0.0;0.0;0.0;0.0;0.0;0.0
97154;Wesley Dias Claudino;Wesley Dias;1.0;4.0;0.0;0.0;0.0;0.0;0.0;0.0;0.0;5.0;8.0;0.0;0.0;0.0;0.0;0.0;0.0;0.0
95210;Ozealisson Santos Gomes;Júnior;0.0;0.0;0.0;0.0;0.0;0.0;0.0;0.0;0.0;0.0;0.0;0.0;0.0;0.0;0.0;0.0;0.0;0.0
101481;Mateus Felipe Santiago Dutra;Santiago;0.0;0.0;0.0;0.0;0.0;0.0;0.0;0.0;0.0;0.0;0.0;0.0;0.0;0.0;0.0;0.0;0.0;0.0
52618;Anderson Vieira Martins;Anderson Martins;0.0;0.0;0.0;0.0;0.0;0.0;0.0;0.0;0.0;0.0;0.0;0.0;0.0;0.0;0.0;0.0;0.0;0.0
60852;Uendel Pereira Gonçalves;Uendel;0.0;0.0;0.0;0.0;0.0;0.0;0.0;0.0;0.0;0.0;0.0;0.0;0.0;0.0;0.0;0.0;0.0;0.0
99994;Jhonny Lucas Flora Barboza ;Jhonny Lucas;3.0;4.0;0.0;1.0;0.0;0.0;0.0;0.0;0.0;1.0;3.0;0.0;0.0;1.0;1.0;0.0;0.0;0.0
62024;Edimar Curitiba Fraga;Edimar;0.0;1.0;0.0;1.0;0.0;1.0;0.0;0.0;0.0;1.0;1.0;0.0;0.0;0.0;1.0;0.0;0.0;0.0
94445;Edimar Ribeiro da Costa Júnior;Juninho Piauiense;0.0;0.0;0.0;0.0;0.0;0.0;0.0;0.0;0.0;0.0;0.0;0.0;0.0;0.0;0.0;0.0;0.0;0.0
100132;Lucas Poletto Costa;Lucas Poletto;0.0;0.0;0.0;0.0;0.0;0.0;0.0;0.0;0.0;0.0;0.0;0.0;0.0;0.0;0.0;0.0;0.0;0.0
94147;Lucas Ferreira Amaral;Lucas Ferreira;0.0;0.0;0.0;0.0;0.0;0.0;0.0;0.0;0.0;0.0;0.0;0.0;0.0;0.0;0.0;0.0;0.0;0.0
68995;Régis Ribeiro de Souza;Régis;2.0;2.0;0.0;1.0;0.0;2.0;0.0;0.0;0.0;0.0;4.0;0.0;0.0;1.0;0.0;0.0;0.0;0.0
68911;Diego Souza de Andrade;Diego Souza;0.0;0.0;0.0;0.0;0.0;0.0;0.0;0.0;0.0;0.0;0.0;0.0;0.0;0.0;0.0;0.0;0.0;0.0
95180;Wildson Silva de Melo;Índio;0.0;0.0;0.0;0.0;0.0;0.0;0.0;0.0;0.0;0.0;0.0;0.0;0.0;0.0;0.0;0.0;0.0;0.0
95539;Fabrício Silva Costa;Fabrício;0.0;0.0;0.0;0.0;0.0;0.0;0.0;0.0;0.0;0.0;0.0;0.0;0.0;0.0;0.0;0.0;0.0;0.0
63422;Jucilei da Silva;Jucilei;2.0;4.0;0.0;0.0;0.0;0.0;0.0;0.0;0.0;1.0;3.0;0.0;0.0;0.0;0.0;0.0;0.0;0.0
97867;Leonardo Rech Ortiz;Léo Ortiz;1.0;2.0;0.0;1.0;0.0;0.0;0.0;0.0;0.0;0.0;0.0;0.0;0.0;0.0;0.0;0.0;0.0;0.0
95843;Sander Henrique Bortolotto;Sander;2.0;1.0;0.0;0.0;0.0;0.0;0.0;0.0;0.0;3.0;2.0;0.0;0.0;1.0;0.0;0.0;0.0;0.0
102107;Rodrigo Porto Bezerra;Rodrigo Carioca;0.0;0.0;0.0;0.0;0.0;0.0;0.0;0.0;0.0;0.0;0.0;0.0;0.0;0.0;0.0;0.0;0.0;0.0
71844;Thiago Galhardo do Nascimento Rocha;Thiago Galhardo;1.0;1.0;0.0;0.0;0.0;0.0;0.0;0.0;0.0;2.0;5.0;2.0;0.0;0.0;1.0;0.0;0.0;0.0
70222;Sidney Aparecido Ramos da Silva;Sidão;0.0;0.0;0.0;1.0;0.0;2.0;2.0;0.0;0.0;0.0;2.0;0.0;0.0;0.0;0.0;0.0;0.0;0.0
98034;Maílson Tenório dos Santos;Maílson;0.0;0.0;0.0;0.0;0.0;0.0;0.0;0.0;1.0;0.0;1.0;1.0;0.0;0.0;0.0;0.0;0.0;0.0
102299;Mikael Filipe Viana;Mikael;0.0;0.0;0.0;0.0;0.0;0.0;0.0;0.0;0.0;0.0;0.0;0.0;0.0;0.0;0.0;0.0;0.0;0.0
73620;Bruno Fabiano Alves;Bruno Alves;0.0;1.0;0.0;0.0;0.0;1.0;0.0;0.0;0.0;0.0;1.0;0.0;0.0;0.0;0.0;1.0;0.0;0.0
73800;Rodrigo Caio Roquette Russo;Rodrigo Caio;3.0;2.0;0.0;0.0;0.0;2.0;0.0;0.0;0.0;1.0;3.0;0.0;0.0;0.0;0.0;0.0;0.0;0.0
37645;Marcelo Mendonça de Mattos Terra;Marcelo Mattos;0.0;0.0;0.0;0.0;0.0;0.0;0.0;0.0;0.0;0.0;0.0;0.0;0.0;0.0;0.0;0.0;0.0;0.0
63289;Edenílson Andrade Dos Santos;Edenílson;4.0;0.0;0.0;0.0;0.0;0.0;0.0;0.0;0.0;1.0;7.0;1.0;0.0;0.0;1.0;0.0;0.0;0.0
49674;Fabricio dos Santos Silva;Fabrício;0.0;0.0;0.0;0.0;0.0;0.0;0.0;0.0;0.0;0.0;0.0;0.0;0.0;0.0;0.0;0.0;0.0;0.0
50408;Breno Vinicius Rodrigues Borges;Breno;0.0;0.0;0.0;0.0;0.0;0.0;0.0;0.0;0.0;0.0;0.0;0.0;0.0;0.0;0.0;0.0;0.0;0.0
68872;Marcelo Lomba do Nascimento;Marcelo Lomba;0.0;0.0;0.0;0.0;0.0;1.0;0.0;0.0;0.0;1.0;1.0;0.0;0.0;0.0;0.0;0.0;0.0;0.0
63354;Rodrigo Modesto da Silva Moledo;Rodrigo Moledo;1.0;1.0;0.0;0.0;0.0;1.0;0.0;0.0;0.0;3.0;0.0;0.0;0.0;0.0;1.0;0.0;0.0;0.0
62129;Wellington Aparecido Martins;Wellington;1.0;1.0;0.0;1.0;0.0;0.0;0.0;0.0;0.0;0.0;3.0;0.0;0.0;1.0;1.0;0.0;0.0;0.0
90569;Yuri Oliveira Lima;Yuri;0.0;0.0;0.0;0.0;0.0;0.0;0.0;0.0;0.0;0.0;0.0;0.0;0.0;0.0;0.0;0.0;0.0;0.0
37674;Wagner Ferreira dos Santos;Wagner;2.0;2.0;0.0;1.0;0.0;0.0;0.0;0.0;0.0;4.0;3.0;0.0;0.0;3.0;1.0;1.0;2.0;0.0
68895;Wellington Alves da Silva;Wellington Silva;0.0;0.0;0.0;0.0;0.0;0.0;0.0;0.0;0.0;0.0;0.0;0.0;0.0;0.0;0.0;0.0;0.0;0.0
63172;Paulo Marcos de Jesus Ribeiro;Paulão;5.0;1.0;0.0;0.0;0.0;0.0;0.0;0.0;0.0;2.0;4.0;0.0;0.0;0.0;1.0;0.0;0.0;0.0
62974;Werley Ananias da Silva;Werley;3.0;2.0;0.0;0.0;0.0;0.0;0.0;0.0;0.0;2.0;3.0;0.0;0.0;2.0;0.0;0.0;0.0;0.0
68953;Leandro Damião da Silva dos Santos;Leandro Damião;0.0;0.0;0.0;0.0;0.0;0.0;0.0;0.0;0.0;2.0;0.0;0.0;0.0;1.0;2.0;0.0;1.0;0.0
92180;Jair Ventura;Jair Ventura;0.0;0.0;0.0;0.0;0.0;0.0;0.0;0.0;0.0;0.0;0.0;0.0;0.0;0.0;0.0;0.0;0.0;0.0
69051;Danilo Fernandes Batista;Danilo Fernandes;0.0;0.0;0.0;0.0;0.0;0.0;0.0;0.0;1.0;0.0;0.0;0.0;0.0;0.0;0.0;0.0;0.0;0.0
93368;Lucas Veríssimo da Silva;Lucas Veríssimo;3.0;1.0;0.0;0.0;0.0;1.0;0.0;0.0;0.0;0.0;2.0;0.0;0.0;1.0;1.0;0.0;1.0;0.0
92094;Diogo Vitor da Cruz;Diogo Vitor;0.0;0.0;0.0;0.0;0.0;0.0;0.0;0.0;0.0;0.0;0.0;0.0;0.0;0.0;0.0;0.0;0.0;0.0
68821;Rafael Galhardo de Souza;Rafael Galhardo;2.0;0.0;0.0;0.0;0.0;0.0;0.0;0.0;0.0;0.0;7.0;0.0;0.0;0.0;1.0;0.0;0.0;0.0
74074;Claudio Winck Neto;Claudio Winck;1.0;3.0;0.0;1.0;0.0;0.0;0.0;0.0;0.0;1.0;1.0;0.0;0.0;0.0;0.0;0.0;0.0;0.0
101199;Murillo Barbosa Lopes;Murillo Lopes;0.0;0.0;0.0;0.0;0.0;0.0;0.0;0.0;0.0;0.0;0.0;0.0;0.0;0.0;0.0;0.0;0.0;0.0
70742;Luis Manuel Seijas Gunther;Seijas;0.0;0.0;0.0;0.0;0.0;0.0;0.0;0.0;0.0;0.0;0.0;0.0;0.0;0.0;0.0;0.0;0.0;0.0
77809;William de Oliveira Pottker;William Pottker;1.0;4.0;0.0;1.0;0.0;0.0;0.0;0.0;0.0;2.0;3.0;0.0;0.0;1.0;0.0;0.0;1.0;0.0
62023;Andrés Nicolas D'Alessandro;D'Alessandro;0.0;0.0;0.0;0.0;0.0;0.0;0.0;0.0;0.0;3.0;6.0;0.0;0.0;0.0;2.0;0.0;0.0;0.0
78865;Rodrigo Dourado Cunha;Rodrigo Dourado;9.0;5.0;0.0;1.0;0.0;0.0;0.0;0.0;0.0;2.0;3.0;0.0;0.0;1.0;0.0;0.0;0.0;0.0
62009;Fernando Camilo Farias;Camilo;1.0;1.0;0.0;0.0;0.0;0.0;0.0;0.0;0.0;0.0;5.0;0.0;0.0;0.0;0.0;0.0;0.0;0.0
79113;Víctor Leandro Cuesta;Víctor Cuesta;9.0;5.0;0.0;0.0;0.0;1.0;0.0;0.0;0.0;2.0;4.0;0.0;0.0;0.0;0.0;0.0;0.0;0.0
38908;Renato Dirnei Florêncio;Renato;0.0;0.0;0.0;0.0;0.0;0.0;0.0;0.0;0.0;0.0;0.0;0.0;0.0;0.0;0.0;0.0;0.0;0.0
68896;Ramon de Morais Motta ;Ramon;0.0;0.0;0.0;0.0;0.0;0.0;0.0;0.0;0.0;0.0;0.0;0.0;0.0;0.0;0.0;0.0;0.0;0.0
80196;Glaybson Yago Souza Lisboa;Yago Pikachu;1.0;1.0;0.0;0.0;0.0;0.0;0.0;0.0;0.0;4.0;8.0;0.0;1.0;1.0;2.0;1.0;1.0;0.0
91260;Lucas Estella Perri;Lucas Perri;0.0;0.0;0.0;0.0;0.0;0.0;0.0;0.0;0.0;0.0;0.0;0.0;0.0;0.0;0.0;0.0;0.0;0.0
68938;Giovanni Augusto Oliveira Cardoso;Giovanni Augusto;0.0;0.0;0.0;0.0;0.0;0.0;0.0;0.0;0.0;0.0;0.0;0.0;0.0;0.0;0.0;0.0;0.0;0.0
73936;Luis Leandro Desábato;Desábato;6.0;1.0;0.0;0.0;0.0;0.0;0.0;0.0;0.0;0.0;4.0;0.0;0.0;0.0;0.0;0.0;0.0;0.0
69249;Martín Andrés Silva;Martín Silva;0.0;0.0;0.0;0.0;0.0;0.0;3.0;0.0;2.0;0.0;0.0;0.0;0.0;0.0;0.0;0.0;0.0;0.0
79887;Fabiano Leissmann;Fabiano;2.0;2.0;0.0;0.0;0.0;1.0;0.0;0.0;0.0;0.0;2.0;0.0;0.0;0.0;0.0;0.0;0.0;0.0
78850;Reinaldo Manoel da Silva;Reinaldo;0.0;0.0;0.0;0.0;0.0;0.0;0.0;0.0;0.0;0.0;0.0;0.0;0.0;0.0;0.0;0.0;0.0;0.0
81223;Frickson Rafael  Erazo Vivero;Erazo;0.0;0.0;0.0;0.0;0.0;0.0;0.0;0.0;0.0;0.0;0.0;0.0;0.0;0.0;0.0;0.0;0.0;0.0
73635;Rildo de Andrade Felicissimo;Rildo;0.0;1.0;0.0;1.0;0.0;0.0;0.0;0.0;0.0;8.0;8.0;0.0;0.0;0.0;2.0;0.0;1.0;0.0
71549;Kelvin Mateus de Oliveira;Kelvin;0.0;0.0;0.0;0.0;0.0;0.0;0.0;0.0;0.0;0.0;0.0;0.0;0.0;0.0;0.0;0.0;0.0;0.0
50317;David Braz de Oliveira Filho;David Braz;1.0;1.0;0.0;1.0;0.0;1.0;0.0;0.0;0.0;2.0;1.0;0.0;0.0;0.0;1.0;0.0;0.0;0.0
101721;João Pedro Soares Borges;João Pedro;0.0;0.0;0.0;0.0;0.0;0.0;0.0;0.0;0.0;0.0;0.0;0.0;0.0;0.0;0.0;0.0;0.0;0.0
81684;Andrés Lorenzo Ríos;Andrés Ríos;1.0;5.0;0.0;1.0;0.0;0.0;0.0;0.0;0.0;3.0;0.0;0.0;0.0;2.0;0.0;1.0;0.0;0.0
80573;Luiz Gustavo Tavares Conde;Luiz Gustavo;0.0;0.0;0.0;0.0;0.0;0.0;0.0;0.0;0.0;0.0;0.0;0.0;0.0;0.0;0.0;0.0;0.0;0.0
51318;Leandro Donizete Gonçalves da Silva;Leandro Donizete;1.0;0.0;0.0;0.0;0.0;0.0;0.0;0.0;0.0;1.0;0.0;0.0;0.0;1.0;0.0;0.0;0.0;0.0
82411;Christian Alberto Cueva Bravo;Cueva;4.0;2.0;0.0;0.0;0.0;0.0;0.0;0.0;0.0;6.0;8.0;1.0;0.0;0.0;0.0;0.0;1.0;0.0
83626;Bruno da Silva Barbosa;Bruno Silva;0.0;0.0;0.0;0.0;0.0;0.0;0.0;0.0;0.0;0.0;0.0;0.0;0.0;0.0;0.0;0.0;0.0;0.0
94044;John Victor Maciel Furtado;John Victor;0.0;0.0;0.0;0.0;0.0;0.0;0.0;0.0;0.0;0.0;0.0;0.0;0.0;0.0;0.0;0.0;0.0;0.0
78891;Petros Mateus dos Santos Araújo;Petros;5.0;1.0;0.0;0.0;0.0;0.0;0.0;0.0;0.0;1.0;0.0;0.0;0.0;0.0;0.0;0.0;0.0;0.0
83189;Duvier Riacos Barahona;Riascos;1.0;2.0;0.0;0.0;0.0;0.0;0.0;0.0;0.0;1.0;2.0;0.0;0.0;1.0;0.0;0.0;1.0;0.0
38530;Cleiton Ribeiro Xavier;Cleiton Xavier;0.0;0.0;0.0;0.0;0.0;0.0;0.0;0.0;0.0;0.0;0.0;0.0;0.0;0.0;0.0;0.0;0.0;0.0
68745;Emiliano Gabriel Vecchio;Vecchio;0.0;0.0;0.0;0.0;0.0;0.0;0.0;0.0;0.0;0.0;0.0;0.0;0.0;0.0;0.0;0.0;0.0;0.0
94156;Diego Cristiano Evaristo;Diego Pituca;0.0;0.0;0.0;0.0;0.0;0.0;0.0;0.0;0.0;1.0;0.0;0.0;0.0;0.0;0.0;0.0;0.0;0.0
39850;Vagner Carmo Mancini;Vagner Mancini;0.0;0.0;0.0;0.0;0.0;0.0;0.0;0.0;0.0;0.0;0.0;0.0;0.0;0.0;0.0;0.0;0.0;0.0
96966;Arthur Gomes Lourenço;Arthur Gomes;0.0;0.0;0.0;0.0;0.0;0.0;0.0;0.0;0.0;1.0;0.0;0.0;0.0;0.0;0.0;0.0;0.0;0.0
85423;Wanderson Ferreira de Oliveira;Valdívia;2.0;2.0;0.0;0.0;0.0;0.0;0.0;0.0;0.0;3.0;1.0;0.0;0.0;0.0;0.0;0.0;0.0;0.0
62121;Vanderlei Farias da Silva;Vanderlei;0.0;0.0;0.0;0.0;0.0;1.0;4.0;0.0;1.0;1.0;0.0;0.0;0.0;0.0;0.0;0.0;0.0;0.0
50362;Lucas Rios Marques;Lucas;0.0;0.0;0.0;0.0;0.0;0.0;0.0;0.0;0.0;0.0;0.0;0.0;0.0;0.0;0.0;0.0;0.0;0.0
68727;José Rodolfo Pires Ribeiro;Dodô;5.0;2.0;0.0;1.0;0.0;1.0;0.0;0.0;0.0;4.0;9.0;0.0;0.0;1.0;1.0;0.0;0.0;0.0
83266;Marcos Guilherme de Almeida Santos Matos;Marcos Guilherme ;3.0;1.0;0.0;0.0;0.0;0.0;0.0;0.0;0.0;0.0;3.0;0.0;0.0;1.0;2.0;0.0;1.0;0.0
87679;Santiago Tréllez Vivero;Tréllez;0.0;0.0;0.0;0.0;0.0;0.0;0.0;0.0;0.0;0.0;0.0;0.0;0.0;0.0;0.0;0.0;0.0;0.0
78763;Jonatas Elias Belusso;Jonatas Belusso;0.0;0.0;0.0;0.0;0.0;0.0;0.0;0.0;0.0;0.0;0.0;0.0;0.0;0.0;0.0;0.0;0.0;0.0
86227;Andrew Erik Feitosa;Morato;0.0;0.0;0.0;0.0;0.0;0.0;0.0;0.0;0.0;0.0;0.0;0.0;0.0;0.0;0.0;0.0;0.0;0.0
51779;Pedro Roberto Silva Botelho;Pedro Botelho;4.0;1.0;0.0;0.0;0.0;0.0;0.0;0.0;0.0;0.0;5.0;0.0;0.0;0.0;1.0;0.0;0.0;0.0
51792;Antonio Eduardo Pereira dos Santos;Kanu;2.0;4.0;0.0;1.0;0.0;0.0;0.0;0.0;0.0;0.0;0.0;0.0;0.0;0.0;0.0;0.0;1.0;0.0
63058;Willian Roberto Farias;Willian Farias;0.0;2.0;0.0;0.0;0.0;0.0;0.0;0.0;0.0;2.0;1.0;0.0;0.0;0.0;1.0;0.0;0.0;0.0
89343;Carlos Eugenio Júnior Tavares dos Santos;Júnior Tavares;1.0;1.0;0.0;1.0;0.0;1.0;0.0;0.0;0.0;2.0;0.0;0.0;0.0;0.0;0.0;0.0;0.0;0.0
86760;Lucas Macanhan Ferreira;Lucas Macanhan;0.0;0.0;0.0;0.0;0.0;0.0;0.0;0.0;0.0;0.0;0.0;0.0;0.0;0.0;0.0;0.0;0.0;0.0
90933;Jean Paulo Fernandes Filho;Jean;0.0;0.0;0.0;0.0;0.0;0.0;0.0;0.0;0.0;0.0;0.0;0.0;0.0;0.0;0.0;0.0;0.0;0.0
83772;Neilton Meira Mestzk;Neilton;1.0;2.0;0.0;0.0;0.0;0.0;0.0;0.0;0.0;3.0;2.0;0.0;0.0;0.0;1.0;0.0;0.0;0.0
63119;Evanildo Borges Barbosa Júnior;Juninho;0.0;0.0;0.0;0.0;0.0;0.0;0.0;0.0;0.0;0.0;0.0;0.0;0.0;0.0;0.0;0.0;0.0;0.0
84718;Denilson Pereira Junior;Denilson;1.0;3.0;0.0;0.0;0.0;0.0;0.0;0.0;0.0;1.0;4.0;0.0;0.0;1.0;4.0;1.0;1.0;0.0
91573;Robert Abel Arboleda Escobar;Arboleda;3.0;0.0;0.0;0.0;0.0;1.0;0.0;0.0;0.0;1.0;1.0;0.0;0.0;0.0;1.0;0.0;0.0;0.0
68893;André Luiz Barretto Silva Lima;André Lima;0.0;0.0;0.0;0.0;0.0;0.0;0.0;0.0;0.0;0.0;0.0;0.0;0.0;0.0;0.0;0.0;0.0;0.0
86859;José Welison da Silva;José Welison;2.0;4.0;0.0;0.0;0.0;0.0;0.0;0.0;0.0;0.0;1.0;0.0;0.0;0.0;0.0;0.0;0.0;0.0
70581;Fillipe Soutto Mayor Nogueira Ferreira;Fillipe Soutto;0.0;0.0;0.0;0.0;0.0;0.0;0.0;0.0;0.0;0.0;0.0;0.0;0.0;0.0;0.0;0.0;0.0;0.0
87747;Yago Felipe da Costa Rocha;Yago;5.0;5.0;0.0;1.0;0.0;0.0;0.0;0.0;0.0;6.0;9.0;0.0;0.0;1.0;2.0;1.0;0.0;0.0
38100;Severino dos Ramos Durval da Silva;Durval;0.0;0.0;0.0;0.0;0.0;0.0;0.0;0.0;0.0;0.0;0.0;0.0;0.0;0.0;0.0;0.0;0.0;0.0
87946;Geremias Ribeiro Júnior;Júnior;0.0;0.0;0.0;0.0;0.0;0.0;0.0;0.0;0.0;0.0;0.0;0.0;0.0;0.0;0.0;0.0;0.0;0.0
88087;Ramon Menezes Roma;Ramon;1.0;5.0;0.0;1.0;0.0;0.0;0.0;0.0;0.0;0.0;3.0;0.0;0.0;0.0;2.0;0.0;0.0;0.0
101531;Paulo Henrique Rolim de Genova;Paulo Henrique;0.0;0.0;0.0;0.0;0.0;0.0;0.0;0.0;0.0;0.0;0.0;0.0;0.0;0.0;0.0;0.0;0.0;0.0
69040;Vladimir Orlando Cardoso de Araújo Filho;Vladimir;0.0;0.0;0.0;0.0;0.0;0.0;0.0;0.0;0.0;0.0;0.0;0.0;0.0;0.0;0.0;0.0;0.0;0.0
70986;Leonardo Cittadini;Léo Cittadini;9.0;3.0;0.0;1.0;0.0;0.0;0.0;0.0;0.0;4.0;2.0;0.0;0.0;1.0;2.0;0.0;1.0;0.0
70360;Eduardo Colcenti Antunes;Eduardo Sasha;1.0;4.0;0.0;0.0;0.0;0.0;0.0;0.0;0.0;5.0;5.0;1.0;0.0;0.0;0.0;0.0;0.0;0.0
70046;Victor Ferraz Macedo;Victor Ferraz;0.0;0.0;0.0;0.0;0.0;0.0;0.0;0.0;0.0;0.0;0.0;0.0;0.0;0.0;0.0;0.0;0.0;0.0
84893;Henrique Silva Milagres;Henrique;4.0;1.0;0.0;1.0;0.0;0.0;0.0;0.0;0.0;4.0;5.0;0.0;0.0;1.0;1.0;0.0;0.0;0.0
92057;Gabriel Félix dos Santos;Gabriel Félix;0.0;0.0;0.0;0.0;0.0;0.0;0.0;0.0;0.0;0.0;0.0;0.0;0.0;0.0;0.0;0.0;0.0;0.0
88933;Bruno Jacinto da Silva;Bruno Paulista;0.0;0.0;0.0;0.0;0.0;0.0;0.0;0.0;0.0;0.0;0.0;0.0;0.0;0.0;0.0;0.0;0.0;0.0
89646;José Rodrigo Andrade Ramos;Rodrigo Andrade;0.0;3.0;0.0;1.0;0.0;0.0;0.0;0.0;0.0;0.0;4.0;0.0;0.0;1.0;1.0;0.0;0.0;0.0
72376;Cléber Janderson Pereira Reis;Cléber Reis;0.0;0.0;0.0;0.0;0.0;0.0;0.0;0.0;0.0;0.0;0.0;0.0;0.0;0.0;0.0;0.0;0.0;0.0
101837;Lucas Paes Souza;Lucas Paes;0.0;0.0;0.0;0.0;0.0;0.0;0.0;0.0;0.0;0.0;0.0;0.0;0.0;0.0;0.0;0.0;0.0;0.0
93785;Alan Cardoso de Andrade;Alan Cardoso;0.0;0.0;0.0;0.0;0.0;0.0;0.0;0.0;0.0;0.0;0.0;0.0;0.0;0.0;0.0;0.0;0.0;0.0
93787;Andrey Ramos do Nascimento;Andrey;0.0;0.0;0.0;0.0;0.0;0.0;0.0;0.0;0.0;0.0;0.0;0.0;0.0;0.0;0.0;0.0;0.0;0.0
91101;Ronaldo de Oliveira Strada;Ronaldo;0.0;0.0;0.0;0.0;0.0;0.0;0.0;0.0;0.0;0.0;0.0;0.0;0.0;0.0;0.0;0.0;0.0;0.0
101885;Jonas Gabriel da Silva Nunes;Toró;0.0;0.0;0.0;0.0;0.0;0.0;0.0;0.0;0.0;0.0;0.0;0.0;0.0;0.0;0.0;0.0;0.0;0.0
89676;Nickson Gabriel Reis Silva;Nickson;0.0;0.0;0.0;0.0;0.0;0.0;0.0;0.0;0.0;0.0;0.0;0.0;0.0;0.0;0.0;0.0;0.0;0.0
73974;Alison Lopes Ferreira;Alison;6.0;4.0;0.0;0.0;0.0;0.0;0.0;0.0;0.0;6.0;3.0;0.0;0.0;0.0;1.0;0.0;0.0;0.0
91359;Bruno Bispo dos Anjos;Bruno Bispo;0.0;0.0;0.0;0.0;0.0;0.0;0.0;0.0;0.0;0.0;0.0;0.0;0.0;0.0;0.0;0.0;0.0;0.0
77959;Jonathan Copete Valencia;Copete;0.0;0.0;0.0;0.0;0.0;0.0;0.0;0.0;0.0;0.0;0.0;0.0;0.0;0.0;0.0;0.0;0.0;0.0
78248;Gustavo Henrique Vernes;Gustavo Henrique;0.0;0.0;0.0;0.0;0.0;0.0;0.0;0.0;0.0;0.0;0.0;0.0;0.0;0.0;0.0;0.0;0.0;0.0
93789;Caio Monteiro Costa;Caio Monteiro;0.0;0.0;0.0;0.0;0.0;0.0;0.0;0.0;0.0;0.0;0.0;0.0;0.0;0.0;0.0;0.0;0.0;0.0
93788;Evander da Silva Ferreira;Evander;3.0;1.0;0.0;1.0;0.0;0.0;0.0;0.0;0.0;1.0;4.0;0.0;0.0;0.0;3.0;0.0;0.0;0.0
101482;Rodrigo Jorge Medina Ancheta;Rodrigo Ancheta;0.0;0.0;0.0;0.0;0.0;0.0;0.0;0.0;0.0;0.0;0.0;0.0;0.0;0.0;0.0;0.0;0.0;0.0
73515;Gabriel Santana Pinto;Gabriel;1.0;2.0;0.0;0.0;0.0;0.0;0.0;0.0;0.0;3.0;3.0;0.0;0.0;2.0;1.0;0.0;0.0;0.0
101483;Isaque Elias Brito;Isaque;0.0;0.0;0.0;0.0;0.0;0.0;0.0;0.0;0.0;0.0;0.0;0.0;0.0;0.0;0.0;0.0;0.0;0.0
95780;José Ricardo Mannarino;Zé Ricardo;0.0;0.0;0.0;0.0;0.0;0.0;0.0;0.0;0.0;0.0;0.0;0.0;0.0;0.0;0.0;0.0;0.0;0.0
78548;Jean Mota Oliveira de Sousa;Jean Mota;4.0;4.0;0.0;0.0;0.0;0.0;0.0;0.0;0.0;3.0;9.0;0.0;0.0;2.0;4.0;0.0;0.0;0.0
91973;Lucas Marques de Oliveira;Lucas Marques;0.0;0.0;0.0;0.0;0.0;0.0;0.0;0.0;0.0;0.0;0.0;0.0;0.0;0.0;0.0;0.0;0.0;0.0
101484;Thonny Anderson da Silva Carvalho;Thonny Anderson;0.0;0.0;0.0;0.0;0.0;0.0;0.0;0.0;0.0;0.0;0.0;0.0;0.0;0.0;0.0;0.0;0.0;0.0
99615;Bruno Cosendey Lobo Pinto;Bruno Cosendey;0.0;0.0;0.0;0.0;0.0;0.0;0.0;0.0;0.0;0.0;0.0;0.0;0.0;0.0;0.0;0.0;0.0;0.0
92207;Caíque Luiz Santos da Purificação;Caíque;0.0;0.0;0.0;1.0;0.0;0.0;2.0;0.0;4.0;1.0;1.0;0.0;0.0;0.0;0.0;0.0;0.0;0.0
83257;Gabriel Barbosa Almeida;Gabriel;4.0;5.0;0.0;0.0;0.0;0.0;0.0;0.0;0.0;2.0;6.0;0.0;0.0;1.0;7.0;0.0;3.0;0.0
79035;Luiz Felipe do Nascimento dos Santos;Luiz Felipe;0.0;0.0;0.0;0.0;0.0;0.0;0.0;0.0;0.0;0.0;0.0;0.0;0.0;0.0;0.0;0.0;0.0;0.0
99818;Paulo Henrique Sampaio Filho ;Paulinho;0.0;0.0;0.0;0.0;0.0;0.0;0.0;0.0;0.0;0.0;0.0;0.0;0.0;0.0;0.0;0.0;0.0;0.0
98221;Ilson Cedric Borges de Accacio Lima;Cedric;0.0;0.0;0.0;0.0;0.0;0.0;0.0;0.0;0.0;0.0;0.0;0.0;0.0;0.0;0.0;0.0;0.0;0.0
85425;João Paulo Silva Martins;João Paulo;0.0;0.0;0.0;0.0;0.0;0.0;0.0;0.0;0.0;0.0;0.0;0.0;0.0;0.0;0.0;0.0;0.0;0.0
99881;Ricardo Queiroz de Alencastro Graça;Ricardo;0.0;0.0;0.0;0.0;0.0;0.0;0.0;0.0;0.0;0.0;0.0;0.0;0.0;0.0;0.0;0.0;0.0;0.0
101722;Marcelo Henrique de Sousa Cunha;Marcelinho;0.0;0.0;0.0;0.0;0.0;0.0;0.0;0.0;0.0;0.0;0.0;0.0;0.0;0.0;0.0;0.0;0.0;0.0
73540;José Rogério de Oliveira;Rogério;0.0;1.0;0.0;0.0;0.0;0.0;0.0;0.0;0.0;3.0;1.0;0.0;0.0;2.0;1.0;0.0;1.0;0.0
101718;Lucas Santos da Silva;Lucas Santos;0.0;0.0;0.0;0.0;0.0;0.0;0.0;0.0;0.0;0.0;0.0;0.0;0.0;0.0;0.0;0.0;0.0;0.0
99545;Linik Eduardo Santos;Linik;0.0;0.0;0.0;0.0;0.0;0.0;0.0;0.0;0.0;0.0;0.0;0.0;0.0;0.0;0.0;0.0;0.0;0.0
38287;Roger Rodrigues da Silva;Roger;0.0;0.0;0.0;0.0;0.0;0.0;0.0;0.0;0.0;0.0;0.0;0.0;0.0;0.0;0.0;0.0;0.0;0.0
101585;Leonardo Silva Gomes;Léo Gomes;0.0;0.0;0.0;0.0;0.0;0.0;0.0;0.0;0.0;0.0;0.0;0.0;0.0;0.0;0.0;0.0;0.0;0.0
71389;Alexander Baumjohann;Alex Baumjohann;0.0;4.0;0.0;0.0;0.0;0.0;0.0;0.0;0.0;1.0;1.0;0.0;0.0;1.0;1.0;0.0;0.0;0.0
99588;Paulo Vitor Fernandes Pereira;Paulo Vitor;0.0;0.0;0.0;0.0;0.0;0.0;0.0;0.0;0.0;0.0;0.0;0.0;0.0;0.0;0.0;0.0;0.0;0.0
101758;Flávio Henrique Alves Almeida Souza;Flávio;0.0;0.0;0.0;0.0;0.0;0.0;0.0;0.0;0.0;0.0;0.0;0.0;0.0;0.0;0.0;0.0;0.0;0.0
102295;Luan Silva dos Santos;Luan;0.0;0.0;0.0;0.0;0.0;0.0;0.0;0.0;0.0;0.0;0.0;0.0;0.0;0.0;0.0;0.0;0.0;0.0
87552;Vitor Frezarin Bueno;Vitor Bueno;0.0;0.0;0.0;0.0;0.0;0.0;0.0;0.0;0.0;0.0;1.0;0.0;0.0;0.0;0.0;0.0;0.0;0.0
70874;Rhayner Santos Nascimento;Rhayner;3.0;4.0;0.0;1.0;0.0;0.0;0.0;0.0;0.0;7.0;7.0;1.0;1.0;0.0;3.0;0.0;0.0;0.0
50898;Danilo Aparecido da Silva;Danilo Silva;0.0;0.0;0.0;0.0;0.0;0.0;0.0;0.0;0.0;0.0;0.0;0.0;0.0;0.0;0.0;0.0;0.0;0.0
88225;Daniel Guedes da Silva;Daniel Guedes ;3.0;0.0;0.0;0.0;0.0;1.0;0.0;0.0;0.0;0.0;4.0;0.0;0.0;0.0;0.0;0.0;1.0;0.0
41218;Alessandro Beti Rosa;Magrão;0.0;0.0;0.0;0.0;0.0;0.0;0.0;0.0;0.0;0.0;0.0;0.0;0.0;0.0;0.0;0.0;0.0;0.0
68950;Ronaldo Luiz Alves;Ronaldo Alves;1.0;1.0;0.0;0.0;0.0;0.0;0.0;0.0;0.0;1.0;0.0;0.0;0.0;0.0;0.0;0.0;1.0;0.0
89342;Wanderson de Jesus Martins;Caju;0.0;0.0;0.0;0.0;0.0;0.0;0.0;0.0;0.0;0.0;0.0;0.0;0.0;0.0;0.0;0.0;0.0;0.0
70116;Fellipe Ramos Ignez Bastos;Fellipe Bastos;0.0;1.0;0.0;0.0;0.0;0.0;0.0;0.0;0.0;0.0;2.0;0.0;0.0;2.0;2.0;0.0;0.0;0.0
68910;Anselmo de Moraes;Anselmo;6.0;4.0;0.0;0.0;0.0;0.0;0.0;0.0;0.0;5.0;5.0;0.0;0.0;0.0;2.0;0.0;0.0;0.0
71571;Fernando Miguel Kaufmann;Fernando Miguel;0.0;0.0;0.0;0.0;0.0;0.0;0.0;0.0;0.0;0.0;0.0;0.0;0.0;0.0;0.0;0.0;0.0;0.0
49651;Ernando Rodrigues Lopes;Ernando;0.0;0.0;0.0;0.0;0.0;0.0;0.0;0.0;0.0;1.0;1.0;0.0;0.0;0.0;0.0;0.0;0.0;0.0
101709;Alan Rodrigues Uchoa;Alan;0.0;0.0;0.0;0.0;0.0;0.0;0.0;0.0;0.0;0.0;0.0;0.0;0.0;0.0;0.0;0.0;0.0;0.0
97863;Jhemerson Guimarães Gaigher;Jhemerson;0.0;0.0;0.0;0.0;0.0;0.0;0.0;0.0;0.0;0.0;0.0;0.0;0.0;0.0;0.0;0.0;0.0;0.0
101877;Tiago Cunha Rodrigues Serra;Tiago Cunha;0.0;0.0;0.0;0.0;0.0;0.0;0.0;0.0;0.0;0.0;0.0;0.0;0.0;0.0;0.0;0.0;0.0;0.0
102076;Maurício Fontana Gomes;Maurício;0.0;0.0;0.0;0.0;0.0;0.0;0.0;0.0;0.0;0.0;0.0;0.0;0.0;0.0;0.0;0.0;0.0;0.0
72007;Uillian Correia Granemann;Uillian Correia;2.0;4.0;0.0;1.0;0.0;0.0;0.0;0.0;0.0;1.0;5.0;0.0;0.0;3.0;0.0;0.0;0.0;0.0
71724;Agenor Detofol;Agenor;0.0;0.0;0.0;0.0;0.0;0.0;0.0;0.0;3.0;0.0;0.0;0.0;0.0;0.0;0.0;0.0;0.0;0.0
101719;Rafael de Carvalho França;Rafael França;0.0;0.0;0.0;0.0;0.0;0.0;0.0;0.0;0.0;0.0;0.0;0.0;0.0;0.0;0.0;0.0;0.0;0.0
102413;Luis David da Conceição Martins;Luis David;0.0;0.0;0.0;0.0;0.0;0.0;0.0;0.0;0.0;0.0;0.0;0.0;0.0;0.0;0.0;0.0;0.0;0.0
78968;Leandro Marcos Pereira;Leandro Pereira;1.0;0.0;0.0;0.0;0.0;0.0;0.0;0.0;0.0;0.0;0.0;0.0;0.0;0.0;0.0;0.0;0.0;0.0
77551;Thomás Jaguaribe Bedinelli;Thomás;0.0;0.0;0.0;0.0;0.0;0.0;0.0;0.0;0.0;0.0;0.0;0.0;0.0;0.0;0.0;0.0;0.0;0.0
92474;Rodrigo Sebastián Aguirre Soto;Aguirre;0.0;0.0;0.0;0.0;0.0;0.0;0.0;0.0;0.0;0.0;0.0;0.0;0.0;0.0;0.0;0.0;0.0;0.0
84855;Raul Prata;Raul Prata;8.0;1.0;0.0;0.0;0.0;0.0;0.0;0.0;0.0;2.0;7.0;0.0;0.0;0.0;1.0;0.0;0.0;0.0
81241;Oswaldo José Henríquez Bocanegra;Oswaldo Henríquez;0.0;0.0;0.0;0.0;0.0;0.0;0.0;0.0;0.0;0.0;0.0;0.0;0.0;0.0;0.0;0.0;0.0;0.0
80944;Johnath Marlone Azevedo da Silva;Marlone;1.0;2.0;0.0;1.0;0.0;0.0;0.0;0.0;0.0;2.0;3.0;0.0;0.0;4.0;1.0;0.0;1.0;0.0
73991;Walisson Moreira Farias Maia;Walisson Maia;0.0;0.0;0.0;0.0;0.0;0.0;0.0;0.0;0.0;0.0;0.0;0.0;0.0;0.0;0.0;0.0;0.0;0.0
74081;Guilherme Costa Machado Silveira;Guilherme Costa;0.0;0.0;0.0;0.0;0.0;0.0;0.0;0.0;0.0;4.0;2.0;0.0;0.0;0.0;0.0;0.0;0.0;0.0
86519;Everton Felipe de Oliveira Silva;Everton Felipe;1.0;2.0;0.0;0.0;0.0;0.0;0.0;0.0;0.0;3.0;5.0;0.0;0.0;0.0;1.0;1.0;0.0;0.0
100955;Hygor Cleber Garcia Silva;Hygor;0.0;1.0;0.0;0.0;0.0;0.0;0.0;0.0;0.0;1.0;0.0;0.0;0.0;0.0;0.0;0.0;1.0;0.0
87742;Antônio Francisco Moura Neto;Neto Moura;1.0;1.0;0.0;1.0;0.0;0.0;0.0;0.0;0.0;0.0;2.0;0.0;0.0;2.0;1.0;0.0;0.0;0.0
82792;Maurício Nogueira Barbieri;Maurício Barbieri;0.0;0.0;0.0;0.0;0.0;0.0;0.0;0.0;0.0;0.0;0.0;0.0;0.0;0.0;0.0;0.0;0.0;0.0
87923;Felipe Rodrigues dos Santos;Felipe Rodrigues;0.0;0.0;0.0;0.0;0.0;0.0;0.0;0.0;0.0;0.0;0.0;0.0;0.0;0.0;0.0;0.0;0.0;0.0
50808;Leonardo de Oliveira Clemente;Léo Itaperuna;0.0;0.0;0.0;0.0;0.0;0.0;0.0;0.0;0.0;4.0;0.0;0.0;0.0;0.0;0.0;0.0;0.0;0.0
99583;João Carlos Cardoso Santo;João Carlos;0.0;1.0;0.0;0.0;0.0;0.0;0.0;0.0;0.0;0.0;0.0;0.0;0.0;0.0;0.0;0.0;0.0;0.0
88412;Lucas Perdomo Duarte Santos;Lucas;0.0;0.0;0.0;0.0;0.0;0.0;0.0;0.0;0.0;0.0;0.0;0.0;0.0;0.0;0.0;0.0;0.0;0.0
91664;Adryelson Shawann Lima Silva;Adryelson;0.0;0.0;0.0;0.0;0.0;0.0;0.0;0.0;0.0;0.0;0.0;0.0;0.0;0.0;0.0;0.0;0.0;0.0
91001;Evandro Lima de Oliveira Filho;Evandro;0.0;0.0;0.0;0.0;0.0;0.0;0.0;0.0;0.0;0.0;0.0;0.0;0.0;0.0;0.0;0.0;0.0;0.0
78632;Bryan Silva Garcia;Bryan;0.0;0.0;0.0;0.0;0.0;0.0;0.0;0.0;0.0;0.0;0.0;0.0;0.0;0.0;0.0;0.0;0.0;0.0
92128;Luis Henrique Farinhas Taffner;Luis Henrique;0.0;0.0;0.0;0.0;0.0;0.0;0.0;0.0;0.0;0.0;0.0;0.0;0.0;0.0;0.0;0.0;0.0;0.0
90285;Bruno Henrique Pinto;Bruno Henrique;0.0;1.0;0.0;0.0;0.0;0.0;0.0;0.0;0.0;2.0;1.0;0.0;0.0;0.0;0.0;0.0;0.0;0.0
90566;Rafael Vinicius Carvalho Longuine;Rafael Longuine;0.0;0.0;0.0;0.0;0.0;0.0;0.0;0.0;0.0;0.0;0.0;0.0;0.0;0.0;0.0;0.0;0.0;0.0
84917;Jeferson de Araújo de Carvalho;Jeferson;1.0;2.0;0.0;0.0;0.0;0.0;0.0;0.0;0.0;1.0;0.0;0.0;0.0;1.0;0.0;0.0;0.0;0.0
91206;Raphael Schorr Utzig;Raphael Alemão;3.0;0.0;0.0;0.0;0.0;0.0;0.0;0.0;0.0;2.0;3.0;0.0;0.0;1.0;1.0;0.0;0.0;0.0
100985;Matheus Ferreira de Sousa;Ferreira;3.0;0.0;0.0;0.0;0.0;0.0;0.0;0.0;0.0;0.0;2.0;0.0;0.0;0.0;0.0;0.0;0.0;0.0
101314;Ademir da Silva Santos Junior;Ademir;0.0;0.0;0.0;0.0;0.0;0.0;0.0;0.0;0.0;0.0;0.0;0.0;0.0;0.0;0.0;0.0;0.0;0.0
91156;Jesiel Cardoso Miranda;Jesiel;3.0;1.0;0.0;0.0;0.0;0.0;0.0;0.0;0.0;0.0;0.0;0.0;0.0;0.0;0.0;0.0;0.0;0.0
99440;Gabriel Baralhas;Baralhas;0.0;0.0;0.0;0.0;0.0;0.0;0.0;0.0;0.0;0.0;0.0;0.0;0.0;0.0;0.0;0.0;0.0;0.0
51495;Tiago dos Santos Alves;Tiago Alves;2.0;0.0;0.0;0.0;0.0;1.0;0.0;0.0;0.0;1.0;0.0;0.0;0.0;0.0;0.0;0.0;0.0;0.0
71799;Silvio José Cardoso Reis Junior;Silvinho;2.0;4.0;0.0;0.0;0.0;0.0;0.0;0.0;0.0;6.0;5.0;0.0;0.0;1.0;1.0;0.0;0.0;0.0
80895;Maximiliano Lélis Rodrigues;Max;0.0;0.0;0.0;0.0;0.0;0.0;0.0;0.0;0.0;0.0;0.0;0.0;0.0;0.0;0.0;0.0;0.0;0.0
86861;Luís Vinícius da Silva Matos;Vinicius;0.0;0.0;0.0;0.0;0.0;0.0;0.0;0.0;0.0;0.0;0.0;0.0;0.0;0.0;0.0;0.0;0.0;0.0
82634;Matheus Galdezani;Matheus Galdezani;1.0;0.0;0.0;0.0;0.0;0.0;0.0;0.0;0.0;0.0;0.0;0.0;0.0;0.0;0.0;0.0;0.0;0.0
102553;Leonardo Xavier da Silva;Léo Xavier;0.0;0.0;0.0;0.0;0.0;0.0;0.0;0.0;0.0;0.0;0.0;0.0;0.0;0.0;0.0;0.0;0.0;0.0
96633;Pablo Silva de Lara;Pablo Pardal;0.0;0.0;0.0;0.0;0.0;0.0;0.0;0.0;0.0;0.0;0.0;0.0;0.0;0.0;0.0;0.0;0.0;0.0
77967;Eugenio Esteban Mena Reveco;Mena;0.0;0.0;0.0;0.0;0.0;0.0;0.0;0.0;0.0;0.0;0.0;0.0;0.0;0.0;0.0;0.0;0.0;0.0
100763;Gabriel Davi Gomes Sara;Gabriel;0.0;0.0;0.0;0.0;0.0;0.0;0.0;0.0;0.0;0.0;0.0;0.0;0.0;0.0;0.0;0.0;0.0;0.0
79042;Tiago Pagnussat;Tiago ;2.0;8.0;0.0;0.0;0.0;1.0;0.0;0.0;0.0;2.0;2.0;0.0;0.0;1.0;3.0;0.0;1.0;0.0
78407;Douglas Ricardo Grolli;Douglas Grolli;1.0;2.0;0.0;0.0;0.0;0.0;0.0;0.0;0.0;0.0;1.0;0.0;0.0;0.0;0.0;0.0;0.0;0.0
80370;Edson Felipe da Cruz;Edson;0.0;0.0;0.0;0.0;0.0;0.0;0.0;0.0;0.0;0.0;0.0;0.0;0.0;0.0;0.0;0.0;0.0;0.0
78584;Douglas Alan Schuck Friedrich;Douglas Friedrich;0.0;0.0;0.0;1.0;0.0;1.0;1.0;0.0;2.0;1.0;1.0;0.0;0.0;0.0;0.0;0.0;0.0;0.0
62127;Wallyson Ricardo Maciel Monteiro;Wallyson;0.0;0.0;0.0;0.0;0.0;0.0;0.0;0.0;0.0;0.0;0.0;0.0;0.0;0.0;0.0;0.0;0.0;0.0
84761;Claudinei dos Santos Oliveira;Claudinei Oliveira;0.0;0.0;0.0;0.0;0.0;0.0;0.0;0.0;0.0;0.0;0.0;0.0;0.0;0.0;0.0;0.0;0.0;0.0
91203;Éder Ferreira Graminho;Éder ;0.0;0.0;0.0;0.0;0.0;0.0;0.0;0.0;0.0;0.0;0.0;0.0;0.0;0.0;0.0;0.0;0.0;0.0
84585;Agustín Lionel Allione;Allione;0.0;0.0;0.0;0.0;0.0;0.0;0.0;0.0;0.0;1.0;2.0;0.0;0.0;0.0;0.0;0.0;0.0;0.0
84847;Luan Peres Petroni;Luan Peres ;0.0;0.0;0.0;0.0;0.0;1.0;0.0;0.0;0.0;0.0;0.0;0.0;0.0;0.0;0.0;0.0;0.0;0.0
82455;José Rafael Vivian;Zé Rafael ;5.0;4.0;0.0;0.0;0.0;0.0;0.0;0.0;0.0;7.0;2.0;0.0;0.0;3.0;3.0;0.0;0.0;0.0
79334;Ricardo César Dantas da Silva;Ricardo Silva;0.0;0.0;0.0;0.0;0.0;0.0;0.0;0.0;0.0;0.0;0.0;0.0;0.0;0.0;0.0;0.0;0.0;0.0
82647;Régis Augusto Salmazzo;Régis;0.0;2.0;0.0;1.0;0.0;0.0;0.0;0.0;0.0;1.0;4.0;0.0;0.0;0.0;1.0;0.0;0.0;0.0
87732;Carlos Henrique Alves Pereira;Carlos Henrique;0.0;0.0;0.0;0.0;0.0;0.0;0.0;0.0;0.0;0.0;0.0;0.0;0.0;0.0;0.0;0.0;0.0;0.0
89883;Douglas Moreira Fagundes;Dodi;0.0;0.0;0.0;0.0;0.0;0.0;0.0;0.0;0.0;0.0;0.0;0.0;0.0;0.0;0.0;0.0;0.0;0.0
80189;Lucas Fonseca da Silva;Lucas Fonseca;0.0;0.0;0.0;0.0;0.0;1.0;0.0;0.0;0.0;1.0;0.0;0.0;0.0;0.0;0.0;0.0;0.0;0.0
101796;Gonzalo Rodrigo Carneiro Méndez;Carneiro;0.0;0.0;0.0;0.0;0.0;0.0;0.0;0.0;0.0;0.0;0.0;0.0;0.0;0.0;0.0;0.0;0.0;0.0
98035;Caio Felipe dos Santos Silva;Caio;0.0;0.0;0.0;0.0;0.0;0.0;0.0;0.0;0.0;0.0;0.0;0.0;0.0;0.0;0.0;0.0;0.0;0.0
87192;José Carlos Cracco Neto;Zeca;0.0;0.0;0.0;0.0;0.0;0.0;0.0;0.0;0.0;0.0;0.0;0.0;0.0;0.0;0.0;0.0;0.0;0.0
